,user_id,business_id,business_category,state
0,,,Restaurant,Alabama
1,,,Restaurant,Alabama
2,,,Restaurant,Alabama
3,,,Restaurant,Alabama
4,,,Restaurant,Alabama
5,,,Restaurant,Alabama
6,,,Restaurant,Alabama
7,,,Restaurant,Alabama
8,,,Restaurant,Alabama
9,,,Restaurant,Alabama
0,PcvbBOCOcs6_suRDH7TSTg,KCVnCb6TvTzoDp4t-Qf4wQ,Restaurant,Alaska
1,H3KluKXf1mp3etCToCJhqg,j3csEfGzkwnXATdRoZDT-A,Restaurant,Alaska
2,Cr88dTMP_sfPX0KTIkoO9g,nYxa4JoHZ96kptIZhFlz9w,Restaurant,Alaska
3,UA_PSxcBCxWIycTPcOxzTA,mD7zqv7Y3kvsa_p_MtTayg,Restaurant,Alaska
4,o7g9FHCJ7Rfdwf3UdlB1Dg,0TgBr7wAMQOij6_JP9q3ag,Restaurant,Alaska
5,MJKjuoxDDjUYVbNcaqyjjg,nYxa4JoHZ96kptIZhFlz9w,Restaurant,Alaska
6,aSo8b495Tfjw_8Idg94Fqw,3sOS8wKatd_Uoa9VEJHhrw,Restaurant,Alaska
7,H74Dv2uhRcfYurTwLMTjNA,rIzfzSK7MWuixRbhLgN5Ww,Restaurant,Alaska
8,acG6sCCyWwfH4_lJ-lTgKw,ClLRnbf39ghdMM08cVnUNA,Restaurant,Alaska
9,Hucf3msWDa-MzTcjFzbTnQ,nvS8QmE2kfGxtnvfxDCcjw,Restaurant,Alaska
0,nkN_do3fJ9xekchVC-v68A,ubz4CaZXagQuGv2N9gFAdw,Restaurant,Arizona
1,om5ZiponkpRqUNa3pVPiRg,NpgOB1s1qnWBfVykqe5zpQ,Restaurant,Arizona
2,gjhzKWsqCIrpEd9pevbKZw,dc3uoAmNo5STqKV6mlD_aA,Restaurant,Arizona
3,iLjMdZi0Tm7DQxX1C1_2dg,flE7Sn2JGs0n3SAtaep6Zw,Restaurant,Arizona
4,G5LXEaxhQMF_BVjNHkVr7g,gUR2pWQKLPgMEm_R_aI_aw,Restaurant,Arizona
5,ysCBsXWPB-LAiewVS3jZfQ,Ek4sVcvmACWp8P1yizjwZg,Restaurant,Arizona
6,5MCBLBxr10NLUKZ4AboAMg,eIedjt0mHVKDFmfhtfKSAQ,Restaurant,Arizona
7,m07sy7eLtOjVdZ8oN9JKag,9IIhExGT0f6x26hTjyBbrw,Restaurant,Arizona
8,ITa3vh5ERI90G_WP4SmGUQ,u4sTiCzVeIHZY8OlaL346Q,Restaurant,Arizona
9,CNdJaOdUjLIceVxhWcMNRA,wPiRP76arN0NB3M1ZXXp7g,Restaurant,Arizona
0,,,Restaurant,Arkansas
1,,,Restaurant,Arkansas
2,,,Restaurant,Arkansas
3,,,Restaurant,Arkansas
4,,,Restaurant,Arkansas
5,,,Restaurant,Arkansas
6,,,Restaurant,Arkansas
7,,,Restaurant,Arkansas
8,,,Restaurant,Arkansas
9,,,Restaurant,Arkansas
0,I0oLG7MHi3BrHvB6RWSdnA,UntbR8C0Mxsfd-hNBZXO-w,Restaurant,California
1,9PPcJLgXuEUYh3nMS7hXKg,UntbR8C0Mxsfd-hNBZXO-w,Restaurant,California
2,0DLH55Fcmx-lI5dkyL_bKQ,UntbR8C0Mxsfd-hNBZXO-w,Restaurant,California
3,0w4puQkKd1m64_mVYKPiKA,UntbR8C0Mxsfd-hNBZXO-w,Restaurant,California
4,,,Restaurant,California
5,,,Restaurant,California
6,,,Restaurant,California
7,,,Restaurant,California
8,,,Restaurant,California
9,,,Restaurant,California
0,KWnGQSp3xUJTJZRiLwuc9g,fh4hlhzpwQRPg82gFLDLdg,Restaurant,Colorado
1,6BnhwvCFUVfKPtrMerYALw,fh4hlhzpwQRPg82gFLDLdg,Restaurant,Colorado
2,58Hx4zzdmUd5urv23ntcGw,RBOXMNb_gzdmy1CRPxv_4A,Restaurant,Colorado
3,XU61CKUSNAozUKpf-D20Bg,RBOXMNb_gzdmy1CRPxv_4A,Restaurant,Colorado
4,yP21ZJVzPB-1KLRfyW38CQ,RBOXMNb_gzdmy1CRPxv_4A,Restaurant,Colorado
5,1FYMtQOpjM6G-29Rb3w9og,fh4hlhzpwQRPg82gFLDLdg,Restaurant,Colorado
6,,,Restaurant,Colorado
7,,,Restaurant,Colorado
8,,,Restaurant,Colorado
9,,,Restaurant,Colorado
0,,,Restaurant,Connecticut
1,,,Restaurant,Connecticut
2,,,Restaurant,Connecticut
3,,,Restaurant,Connecticut
4,,,Restaurant,Connecticut
5,,,Restaurant,Connecticut
6,,,Restaurant,Connecticut
7,,,Restaurant,Connecticut
8,,,Restaurant,Connecticut
9,,,Restaurant,Connecticut
0,,,Restaurant,Alabama
1,,,Restaurant,Alabama
2,,,Restaurant,Alabama
3,,,Restaurant,Alabama
4,,,Restaurant,Alabama
5,,,Restaurant,Alabama
6,,,Restaurant,Alabama
7,,,Restaurant,Alabama
8,,,Restaurant,Alabama
9,,,Restaurant,Alabama
0,PcvbBOCOcs6_suRDH7TSTg,KCVnCb6TvTzoDp4t-Qf4wQ,Restaurant,Alaska
1,H3KluKXf1mp3etCToCJhqg,j3csEfGzkwnXATdRoZDT-A,Restaurant,Alaska
2,Cr88dTMP_sfPX0KTIkoO9g,nYxa4JoHZ96kptIZhFlz9w,Restaurant,Alaska
3,UA_PSxcBCxWIycTPcOxzTA,mD7zqv7Y3kvsa_p_MtTayg,Restaurant,Alaska
4,o7g9FHCJ7Rfdwf3UdlB1Dg,0TgBr7wAMQOij6_JP9q3ag,Restaurant,Alaska
5,MJKjuoxDDjUYVbNcaqyjjg,nYxa4JoHZ96kptIZhFlz9w,Restaurant,Alaska
6,aSo8b495Tfjw_8Idg94Fqw,3sOS8wKatd_Uoa9VEJHhrw,Restaurant,Alaska
7,H74Dv2uhRcfYurTwLMTjNA,rIzfzSK7MWuixRbhLgN5Ww,Restaurant,Alaska
8,acG6sCCyWwfH4_lJ-lTgKw,ClLRnbf39ghdMM08cVnUNA,Restaurant,Alaska
9,Hucf3msWDa-MzTcjFzbTnQ,nvS8QmE2kfGxtnvfxDCcjw,Restaurant,Alaska
0,nkN_do3fJ9xekchVC-v68A,ubz4CaZXagQuGv2N9gFAdw,Restaurant,Arizona
1,om5ZiponkpRqUNa3pVPiRg,NpgOB1s1qnWBfVykqe5zpQ,Restaurant,Arizona
2,gjhzKWsqCIrpEd9pevbKZw,dc3uoAmNo5STqKV6mlD_aA,Restaurant,Arizona
3,iLjMdZi0Tm7DQxX1C1_2dg,flE7Sn2JGs0n3SAtaep6Zw,Restaurant,Arizona
4,G5LXEaxhQMF_BVjNHkVr7g,gUR2pWQKLPgMEm_R_aI_aw,Restaurant,Arizona
5,ysCBsXWPB-LAiewVS3jZfQ,Ek4sVcvmACWp8P1yizjwZg,Restaurant,Arizona
6,5MCBLBxr10NLUKZ4AboAMg,eIedjt0mHVKDFmfhtfKSAQ,Restaurant,Arizona
7,m07sy7eLtOjVdZ8oN9JKag,9IIhExGT0f6x26hTjyBbrw,Restaurant,Arizona
8,ITa3vh5ERI90G_WP4SmGUQ,u4sTiCzVeIHZY8OlaL346Q,Restaurant,Arizona
9,CNdJaOdUjLIceVxhWcMNRA,wPiRP76arN0NB3M1ZXXp7g,Restaurant,Arizona
0,,,Restaurant,Arkansas
1,,,Restaurant,Arkansas
2,,,Restaurant,Arkansas
3,,,Restaurant,Arkansas
4,,,Restaurant,Arkansas
5,,,Restaurant,Arkansas
6,,,Restaurant,Arkansas
7,,,Restaurant,Arkansas
8,,,Restaurant,Arkansas
9,,,Restaurant,Arkansas
0,I0oLG7MHi3BrHvB6RWSdnA,UntbR8C0Mxsfd-hNBZXO-w,Restaurant,California
1,9PPcJLgXuEUYh3nMS7hXKg,UntbR8C0Mxsfd-hNBZXO-w,Restaurant,California
2,0DLH55Fcmx-lI5dkyL_bKQ,UntbR8C0Mxsfd-hNBZXO-w,Restaurant,California
3,0w4puQkKd1m64_mVYKPiKA,UntbR8C0Mxsfd-hNBZXO-w,Restaurant,California
4,,,Restaurant,California
5,,,Restaurant,California
6,,,Restaurant,California
7,,,Restaurant,California
8,,,Restaurant,California
9,,,Restaurant,California
0,KWnGQSp3xUJTJZRiLwuc9g,fh4hlhzpwQRPg82gFLDLdg,Restaurant,Colorado
1,6BnhwvCFUVfKPtrMerYALw,fh4hlhzpwQRPg82gFLDLdg,Restaurant,Colorado
2,58Hx4zzdmUd5urv23ntcGw,RBOXMNb_gzdmy1CRPxv_4A,Restaurant,Colorado
3,XU61CKUSNAozUKpf-D20Bg,RBOXMNb_gzdmy1CRPxv_4A,Restaurant,Colorado
4,yP21ZJVzPB-1KLRfyW38CQ,RBOXMNb_gzdmy1CRPxv_4A,Restaurant,Colorado
5,1FYMtQOpjM6G-29Rb3w9og,fh4hlhzpwQRPg82gFLDLdg,Restaurant,Colorado
6,,,Restaurant,Colorado
7,,,Restaurant,Colorado
8,,,Restaurant,Colorado
9,,,Restaurant,Colorado
0,,,Restaurant,Connecticut
1,,,Restaurant,Connecticut
2,,,Restaurant,Connecticut
3,,,Restaurant,Connecticut
4,,,Restaurant,Connecticut
5,,,Restaurant,Connecticut
6,,,Restaurant,Connecticut
7,,,Restaurant,Connecticut
8,,,Restaurant,Connecticut
9,,,Restaurant,Connecticut
0,,,Restaurant,Washington District of Columbia
1,,,Restaurant,Washington District of Columbia
2,,,Restaurant,Washington District of Columbia
3,,,Restaurant,Washington District of Columbia
4,,,Restaurant,Washington District of Columbia
5,,,Restaurant,Washington District of Columbia
6,,,Restaurant,Washington District of Columbia
7,,,Restaurant,Washington District of Columbia
8,,,Restaurant,Washington District of Columbia
9,,,Restaurant,Washington District of Columbia
0,,,Restaurant,Delaware
1,,,Restaurant,Delaware
2,,,Restaurant,Delaware
3,,,Restaurant,Delaware
4,,,Restaurant,Delaware
5,,,Restaurant,Delaware
6,,,Restaurant,Delaware
7,,,Restaurant,Delaware
8,,,Restaurant,Delaware
9,,,Restaurant,Delaware
0,,,Restaurant,Florida
1,,,Restaurant,Florida
2,,,Restaurant,Florida
3,,,Restaurant,Florida
4,,,Restaurant,Florida
5,,,Restaurant,Florida
6,,,Restaurant,Florida
7,,,Restaurant,Florida
8,,,Restaurant,Florida
9,,,Restaurant,Florida
0,,,Restaurant,Georgia
1,,,Restaurant,Georgia
2,,,Restaurant,Georgia
3,,,Restaurant,Georgia
4,,,Restaurant,Georgia
5,,,Restaurant,Georgia
6,,,Restaurant,Georgia
7,,,Restaurant,Georgia
8,,,Restaurant,Georgia
9,,,Restaurant,Georgia
0,,,Restaurant,Hawaii
1,,,Restaurant,Hawaii
2,,,Restaurant,Hawaii
3,,,Restaurant,Hawaii
4,,,Restaurant,Hawaii
5,,,Restaurant,Hawaii
6,,,Restaurant,Hawaii
7,,,Restaurant,Hawaii
8,,,Restaurant,Hawaii
9,,,Restaurant,Hawaii
0,,,Restaurant,Idaho
1,,,Restaurant,Idaho
2,,,Restaurant,Idaho
3,,,Restaurant,Idaho
4,,,Restaurant,Idaho
5,,,Restaurant,Idaho
6,,,Restaurant,Idaho
7,,,Restaurant,Idaho
8,,,Restaurant,Idaho
9,,,Restaurant,Idaho
0,nkN_do3fJ9xekchVC-v68A,ubz4CaZXagQuGv2N9gFAdw,Restaurant,Illinois
1,5F_ASUSCHFf3YotkKioZ5w,5A9HLocD_BJ6VLiKlgbB8Q,Restaurant,Illinois
2,1xJwMqmvVXPwY7yEVQIc-A,XPXv6KGuHaIe_v6aETZPHA,Restaurant,Illinois
3,_cUtxCvCccwgNJzD5I0cDA,fQt4D34vcJNtEf8Q4zte3w,Restaurant,Illinois
4,fyS8H0BNDv5du_X7ttUEqQ,r-s-G1yyETRzTALYG9js8A,Restaurant,Illinois
5,XYSDrIef7g4Gmp3lNFVO6A,RYBGhnFtyZGjlREEfcRFrg,Restaurant,Illinois
6,vWxQvbuUVMMvn6zvfNxVZg,Xs2iTWxbczvfEapAFH3cyw,Restaurant,Illinois
7,m3qH3d97shbvSCtmUrpDFA,2sdU3Fq3Wv2XQycJoJQArg,Restaurant,Illinois
8,SDURW9xVesI7-Yl9naeEog,MqYYYNA-ZYvV-1w5qcmMoA,Restaurant,Illinois
9,WaqPitgrhpepyvFo2jcUBQ,Fi-2ruy5x600SX4avnrFuA,Restaurant,Illinois
0,GXa1VDwsTB8O0uy2S6Orpg,cry1N2qJNCpHlFEGK_EB2A,Restaurant,Indiana
1,lMMIqUeWLekL3P83sjbCQA,cry1N2qJNCpHlFEGK_EB2A,Restaurant,Indiana
2,Z8x8nMD45eHO2pj5s5eaVA,f4x1YBxkLrZg652xt2KR5g,Restaurant,Indiana
3,xlzvOVH5RyEZHR5yl_9Uiw,#NAME?,Restaurant,Indiana
4,k8lnEtbLKwCZJGZclbw5FQ,cry1N2qJNCpHlFEGK_EB2A,Restaurant,Indiana
5,xZ3Vjfih_G7ZqqD8GOoqGA,GntfUKLnS3CclL-lCBoJ1w,Restaurant,Indiana
6,DZM-GYbeNzz0BSL_zM2zhQ,mY9tk1ZVMf9Zco9SaXMk6Q,Restaurant,Indiana
7,XoAx1fcDmUeuG7Mpd-MkWg,rZpXmd43n82bUijNqBu0uw,Restaurant,Indiana
8,__u0vWKQ7kDplAhCGBOtKA,GntfUKLnS3CclL-lCBoJ1w,Restaurant,Indiana
9,3_x4UQmvfU-rfw716nv-hQ,1FAvxOUOGGyZoYNlAXACag,Restaurant,Indiana
0,,,Restaurant,Iowa
1,,,Restaurant,Iowa
2,,,Restaurant,Iowa
3,,,Restaurant,Iowa
4,,,Restaurant,Iowa
5,,,Restaurant,Iowa
6,,,Restaurant,Iowa
7,,,Restaurant,Iowa
8,,,Restaurant,Iowa
9,,,Restaurant,Iowa
0,,,Restaurant,Kansas
1,,,Restaurant,Kansas
2,,,Restaurant,Kansas
3,,,Restaurant,Kansas
4,,,Restaurant,Kansas
5,,,Restaurant,Kansas
6,,,Restaurant,Kansas
7,,,Restaurant,Kansas
8,,,Restaurant,Kansas
9,,,Restaurant,Kansas
0,,,Restaurant,Kentucky
1,,,Restaurant,Kentucky
2,,,Restaurant,Kentucky
3,,,Restaurant,Kentucky
4,,,Restaurant,Kentucky
5,,,Restaurant,Kentucky
6,,,Restaurant,Kentucky
7,,,Restaurant,Kentucky
8,,,Restaurant,Kentucky
9,,,Restaurant,Kentucky
0,,,Restaurant,Louisiana
1,,,Restaurant,Louisiana
2,,,Restaurant,Louisiana
3,,,Restaurant,Louisiana
4,,,Restaurant,Louisiana
5,,,Restaurant,Louisiana
6,,,Restaurant,Louisiana
7,,,Restaurant,Louisiana
8,,,Restaurant,Louisiana
9,,,Restaurant,Louisiana
0,,,Restaurant,Maine
1,,,Restaurant,Maine
2,,,Restaurant,Maine
3,,,Restaurant,Maine
4,,,Restaurant,Maine
5,,,Restaurant,Maine
6,,,Restaurant,Maine
7,,,Restaurant,Maine
8,,,Restaurant,Maine
9,,,Restaurant,Maine
0,,,Restaurant,Maryland
1,,,Restaurant,Maryland
2,,,Restaurant,Maryland
3,,,Restaurant,Maryland
4,,,Restaurant,Maryland
5,,,Restaurant,Maryland
6,,,Restaurant,Maryland
7,,,Restaurant,Maryland
8,,,Restaurant,Maryland
9,,,Restaurant,Maryland
0,,,Restaurant,Massachusetts
1,,,Restaurant,Massachusetts
2,,,Restaurant,Massachusetts
3,,,Restaurant,Massachusetts
4,,,Restaurant,Massachusetts
5,,,Restaurant,Massachusetts
6,,,Restaurant,Massachusetts
7,,,Restaurant,Massachusetts
8,,,Restaurant,Massachusetts
9,,,Restaurant,Massachusetts
0,,,Restaurant,Michigan
1,,,Restaurant,Michigan
2,,,Restaurant,Michigan
3,,,Restaurant,Michigan
4,,,Restaurant,Michigan
5,,,Restaurant,Michigan
6,,,Restaurant,Michigan
7,,,Restaurant,Michigan
8,,,Restaurant,Michigan
9,,,Restaurant,Michigan
0,,,Restaurant,Minnesota
1,,,Restaurant,Minnesota
2,,,Restaurant,Minnesota
3,,,Restaurant,Minnesota
4,,,Restaurant,Minnesota
5,,,Restaurant,Minnesota
6,,,Restaurant,Minnesota
7,,,Restaurant,Minnesota
8,,,Restaurant,Minnesota
9,,,Restaurant,Minnesota
0,,,Restaurant,Mississippi
1,,,Restaurant,Mississippi
2,,,Restaurant,Mississippi
3,,,Restaurant,Mississippi
4,,,Restaurant,Mississippi
5,,,Restaurant,Mississippi
6,,,Restaurant,Mississippi
7,,,Restaurant,Mississippi
8,,,Restaurant,Mississippi
9,,,Restaurant,Mississippi
0,,,Restaurant,Missouri
1,,,Restaurant,Missouri
2,,,Restaurant,Missouri
3,,,Restaurant,Missouri
4,,,Restaurant,Missouri
5,,,Restaurant,Missouri
6,,,Restaurant,Missouri
7,,,Restaurant,Missouri
8,,,Restaurant,Missouri
9,,,Restaurant,Missouri
0,,,Restaurant,Montana
1,,,Restaurant,Montana
2,,,Restaurant,Montana
3,,,Restaurant,Montana
4,,,Restaurant,Montana
5,,,Restaurant,Montana
6,,,Restaurant,Montana
7,,,Restaurant,Montana
8,,,Restaurant,Montana
9,,,Restaurant,Montana
0,,,Restaurant,Nebraska
1,,,Restaurant,Nebraska
2,,,Restaurant,Nebraska
3,,,Restaurant,Nebraska
4,,,Restaurant,Nebraska
5,,,Restaurant,Nebraska
6,,,Restaurant,Nebraska
7,,,Restaurant,Nebraska
8,,,Restaurant,Nebraska
9,,,Restaurant,Nebraska
0,6s-g2vFu12OemhiK3FJuOQ,3m2XZFVraCiqjgLxHi5MdA,Restaurant,Nevada
1,VHdY6oG2JPVNjihWhOooAQ,ECOkEVUodMLUxvI0PMI4gQ,Restaurant,Nevada
2,nkN_do3fJ9xekchVC-v68A,ubz4CaZXagQuGv2N9gFAdw,Restaurant,Nevada
3,om5ZiponkpRqUNa3pVPiRg,NpgOB1s1qnWBfVykqe5zpQ,Restaurant,Nevada
4,gjhzKWsqCIrpEd9pevbKZw,dc3uoAmNo5STqKV6mlD_aA,Restaurant,Nevada
5,iLjMdZi0Tm7DQxX1C1_2dg,flE7Sn2JGs0n3SAtaep6Zw,Restaurant,Nevada
6,G5LXEaxhQMF_BVjNHkVr7g,gUR2pWQKLPgMEm_R_aI_aw,Restaurant,Nevada
7,ysCBsXWPB-LAiewVS3jZfQ,Ek4sVcvmACWp8P1yizjwZg,Restaurant,Nevada
8,nzsv-p1O8gCfP3XijfQrIw,nQjuBVbcRFyX3trnuf_8CQ,Restaurant,Nevada
9,m07sy7eLtOjVdZ8oN9JKag,9IIhExGT0f6x26hTjyBbrw,Restaurant,Nevada
0,,,Restaurant,New Hampshire
1,,,Restaurant,New Hampshire
2,,,Restaurant,New Hampshire
3,,,Restaurant,New Hampshire
4,,,Restaurant,New Hampshire
5,,,Restaurant,New Hampshire
6,,,Restaurant,New Hampshire
7,,,Restaurant,New Hampshire
8,,,Restaurant,New Hampshire
9,,,Restaurant,New Hampshire
0,,,Restaurant,New Jersey
1,,,Restaurant,New Jersey
2,,,Restaurant,New Jersey
3,,,Restaurant,New Jersey
4,,,Restaurant,New Jersey
5,,,Restaurant,New Jersey
6,,,Restaurant,New Jersey
7,,,Restaurant,New Jersey
8,,,Restaurant,New Jersey
9,,,Restaurant,New Jersey
0,,,Restaurant,New Mexico
1,,,Restaurant,New Mexico
2,,,Restaurant,New Mexico
3,,,Restaurant,New Mexico
4,,,Restaurant,New Mexico
5,,,Restaurant,New Mexico
6,,,Restaurant,New Mexico
7,,,Restaurant,New Mexico
8,,,Restaurant,New Mexico
9,,,Restaurant,New Mexico
0,syvwUKQJ4OYfmL_ixVLMeQ,KUqInLEY1y7SkyZyDoGn0Q,Restaurant,New York
1,Eg1T--knapihoR2GV-Dj_w,GI-CAiZ_Gg3h21PwrANB4Q,Restaurant,New York
2,4BaRBsPhITxM8GhMFhKFnw,f5Pg89x-2xek78E9KHMhNg,Restaurant,New York
3,XxBbmN0D74n1M_8Rc3RydA,RyGvZN-v44TddRHmd_gPMA,Restaurant,New York
4,6S2hVlEHOdlwaRphc_8U4g,zMLuz0uKeWV0oF-xgAgWqg,Restaurant,New York
5,mwAGcfk2YfpWnL2uCQfCEw,j5nPiTwWEFr-VsePew7Sjg,Restaurant,New York
6,bUPeHBFEINhqiKj9-k4-zA,T-TES2u1IA2THb8uBhNdCA,Restaurant,New York
7,xvgH8BtK743Kjoy0wZdFqQ,TXS-9SUkjpZFz29XOB1SPg,Restaurant,New York
8,_U0E0I-uyIOY7tn-ryirLg,LbM7p-cI0dUCkaUzOyFMTw,Restaurant,New York
9,fpYMYJowa9Levq6SszNcvA,ajkx7NWnjraj_uz20mdbhQ,Restaurant,New York
0,6s-g2vFu12OemhiK3FJuOQ,3m2XZFVraCiqjgLxHi5MdA,Restaurant,North Carolina
1,ITa3vh5ERI90G_WP4SmGUQ,u4sTiCzVeIHZY8OlaL346Q,Restaurant,North Carolina
2,9VJa4yxtnLct0pN_1RcD_w,yVPiqeEWOzJuskp5G-twRw,Restaurant,North Carolina
3,Pf7FI0OukC_CEcCz0ZxoUw,SAIrNOB4PtDA4gziNCucwg,Restaurant,North Carolina
4,dIIKEfOgo0KqUfGQvGikPg,tIrzcjC5_oBpY6R0G64z5g,Restaurant,North Carolina
5,jX52sZoojxyYV2viWNyO7A,qmh6zxtJ8C8-YiUPv7ySlw,Restaurant,North Carolina
6,h7cX02YMLzyobfZ7E-mg-Q,McPoJcxawsLOq_PPRC0rQg,Restaurant,North Carolina
7,_BcWyKQL16ndpBdggh2kNA,rtlsfmdufArhk-47sWIf2w,Restaurant,North Carolina
8,8qtsJtmefjJZIFM6_Ksd7A,MqYYYNA-ZYvV-1w5qcmMoA,Restaurant,North Carolina
9,YbZg36FoMgkKcTEPae5siA,0AQnRQw34IQW9-1gJkYnMA,Restaurant,North Carolina
0,,,Restaurant,North Dakota
1,,,Restaurant,North Dakota
2,,,Restaurant,North Dakota
3,,,Restaurant,North Dakota
4,,,Restaurant,North Dakota
5,,,Restaurant,North Dakota
6,,,Restaurant,North Dakota
7,,,Restaurant,North Dakota
8,,,Restaurant,North Dakota
9,,,Restaurant,North Dakota
0,om5ZiponkpRqUNa3pVPiRg,NpgOB1s1qnWBfVykqe5zpQ,Restaurant,Ohio
1,G5LXEaxhQMF_BVjNHkVr7g,gUR2pWQKLPgMEm_R_aI_aw,Restaurant,Ohio
2,ysCBsXWPB-LAiewVS3jZfQ,Ek4sVcvmACWp8P1yizjwZg,Restaurant,Ohio
3,5MCBLBxr10NLUKZ4AboAMg,eIedjt0mHVKDFmfhtfKSAQ,Restaurant,Ohio
4,wEE-YMx5pmSuagLtNxMPKA,1uPQTz5XZSWr0ti7kUpaDw,Restaurant,Ohio
5,1xJwMqmvVXPwY7yEVQIc-A,XPXv6KGuHaIe_v6aETZPHA,Restaurant,Ohio
6,53bZ_EsXH71L7iFs5MP9_w,pmoIMK8zGWvKsVOPDBYfzg,Restaurant,Ohio
7,dIIKEfOgo0KqUfGQvGikPg,tIrzcjC5_oBpY6R0G64z5g,Restaurant,Ohio
8,GpgBEengSGt1SDH67ATF8Q,tSJTbxhAO1tJMSdeTCiZwg,Restaurant,Ohio
9,BlKCEQcc03mNdLA1pVG-XQ,41Kbugm-qmIQTt7unkALYQ,Restaurant,Ohio
0,,,Restaurant,Oklahoma
1,,,Restaurant,Oklahoma
2,,,Restaurant,Oklahoma
3,,,Restaurant,Oklahoma
4,,,Restaurant,Oklahoma
5,,,Restaurant,Oklahoma
6,,,Restaurant,Oklahoma
7,,,Restaurant,Oklahoma
8,,,Restaurant,Oklahoma
9,,,Restaurant,Oklahoma
0,,,Restaurant,Oregon
1,,,Restaurant,Oregon
2,,,Restaurant,Oregon
3,,,Restaurant,Oregon
4,,,Restaurant,Oregon
5,,,Restaurant,Oregon
6,,,Restaurant,Oregon
7,,,Restaurant,Oregon
8,,,Restaurant,Oregon
9,,,Restaurant,Oregon
0,6s-g2vFu12OemhiK3FJuOQ,3m2XZFVraCiqjgLxHi5MdA,Restaurant,Pennsylvania
1,JjXuiru1_ONzDkYVrHN0aw,u4sTiCzVeIHZY8OlaL346Q,Restaurant,Pennsylvania
2,VHdY6oG2JPVNjihWhOooAQ,ECOkEVUodMLUxvI0PMI4gQ,Restaurant,Pennsylvania
3,gjhzKWsqCIrpEd9pevbKZw,dc3uoAmNo5STqKV6mlD_aA,Restaurant,Pennsylvania
4,nzsv-p1O8gCfP3XijfQrIw,nQjuBVbcRFyX3trnuf_8CQ,Restaurant,Pennsylvania
5,5MCBLBxr10NLUKZ4AboAMg,eIedjt0mHVKDFmfhtfKSAQ,Restaurant,Pennsylvania
6,ITa3vh5ERI90G_WP4SmGUQ,u4sTiCzVeIHZY8OlaL346Q,Restaurant,Pennsylvania
7,wEE-YMx5pmSuagLtNxMPKA,1uPQTz5XZSWr0ti7kUpaDw,Restaurant,Pennsylvania
8,P5bUL3Engv-2z6kKohB6qQ,hKGDI_4BHHkW-D6WsMQN2w,Restaurant,Pennsylvania
9,2hMNc8G87MGYw4PomxT8AQ,3m2XZFVraCiqjgLxHi5MdA,Restaurant,Pennsylvania
0,,,Restaurant,Rhode Island
1,,,Restaurant,Rhode Island
2,,,Restaurant,Rhode Island
3,,,Restaurant,Rhode Island
4,,,Restaurant,Rhode Island
5,,,Restaurant,Rhode Island
6,,,Restaurant,Rhode Island
7,,,Restaurant,Rhode Island
8,,,Restaurant,Rhode Island
9,,,Restaurant,Rhode Island
0,NZba-Q-Fp10iF77CTQt24Q,L_ZLtfHvfzfoNVQ0-okTXg,Restaurant,South Carolina
1,c3_AdjAlMy4EJYQhuXADgA,k-drEjxKmfqllwfY90STfA,Restaurant,South Carolina
2,62GNFh5FySkA3MbrQmnqvg,ZWHe9blzHDpyi-pdqQW70Q,Restaurant,South Carolina
3,ynRkJSonX8Unc5-uk3cw1w,7bQU0QI_YID3MgZirZHmSg,Restaurant,South Carolina
4,NvUeb5G_mSSxgKhEE_Hueg,EbP8eduNl-aEy2UVfs3zJA,Restaurant,South Carolina
5,hWDybu_KvYLSdEFzGrniTw,80omysuPKac8zn1PfRnQRQ,Restaurant,South Carolina
6,B5RcWUztezeNkW-_ujqViQ,Cde8PHRM5c359-dnCUk7KQ,Restaurant,South Carolina
7,Reuq65EOFI938Yg8xgff9g,9_onoqwv9ZdItxc8OlUKAg,Restaurant,South Carolina
8,KnIDkn0LAhcAhykDfQQgUQ,N5B7OBTyNGgwU_Y2fwNcyw,Restaurant,South Carolina
9,IyIsFkVY48JWa01inv-7zA,TZmMsbw5TbRqv8rmKj_aGg,Restaurant,South Carolina
0,,,Restaurant,South Dakota
1,,,Restaurant,South Dakota
2,,,Restaurant,South Dakota
3,,,Restaurant,South Dakota
4,,,Restaurant,South Dakota
5,,,Restaurant,South Dakota
6,,,Restaurant,South Dakota
7,,,Restaurant,South Dakota
8,,,Restaurant,South Dakota
9,,,Restaurant,South Dakota
0,,,Restaurant,Tennessee
1,,,Restaurant,Tennessee
2,,,Restaurant,Tennessee
3,,,Restaurant,Tennessee
4,,,Restaurant,Tennessee
5,,,Restaurant,Tennessee
6,,,Restaurant,Tennessee
7,,,Restaurant,Tennessee
8,,,Restaurant,Tennessee
9,,,Restaurant,Tennessee
0,,,Restaurant,Texas
1,,,Restaurant,Texas
2,,,Restaurant,Texas
3,,,Restaurant,Texas
4,,,Restaurant,Texas
5,,,Restaurant,Texas
6,,,Restaurant,Texas
7,,,Restaurant,Texas
8,,,Restaurant,Texas
9,,,Restaurant,Texas
0,,,Restaurant,Utah
1,,,Restaurant,Utah
2,,,Restaurant,Utah
3,,,Restaurant,Utah
4,,,Restaurant,Utah
5,,,Restaurant,Utah
6,,,Restaurant,Utah
7,,,Restaurant,Utah
8,,,Restaurant,Utah
9,,,Restaurant,Utah
0,,,Restaurant,Vermont
1,,,Restaurant,Vermont
2,,,Restaurant,Vermont
3,,,Restaurant,Vermont
4,,,Restaurant,Vermont
5,,,Restaurant,Vermont
6,,,Restaurant,Vermont
7,,,Restaurant,Vermont
8,,,Restaurant,Vermont
9,,,Restaurant,Vermont
0,f_evBImeOZavf8kSiabPtA,bMTqFQqYoeANon4iVlatpQ,Restaurant,Virginia
1,cuVrNmt7_WtBn1uz5L_p0g,EMdlJvCTuT_sylNzcElSLg,Restaurant,Virginia
2,W-jxlh7yj4LQ3ETkFK2_tQ,RAh9WCQAuocM7hYM5_6tnw,Restaurant,Virginia
3,,,Restaurant,Virginia
4,,,Restaurant,Virginia
5,,,Restaurant,Virginia
6,,,Restaurant,Virginia
7,,,Restaurant,Virginia
8,,,Restaurant,Virginia
9,,,Restaurant,Virginia
0,,,Restaurant,Washington
1,,,Restaurant,Washington
2,,,Restaurant,Washington
3,,,Restaurant,Washington
4,,,Restaurant,Washington
5,,,Restaurant,Washington
6,,,Restaurant,Washington
7,,,Restaurant,Washington
8,,,Restaurant,Washington
9,,,Restaurant,Washington
0,,,Restaurant,West Virginia
1,,,Restaurant,West Virginia
2,,,Restaurant,West Virginia
3,,,Restaurant,West Virginia
4,,,Restaurant,West Virginia
5,,,Restaurant,West Virginia
6,,,Restaurant,West Virginia
7,,,Restaurant,West Virginia
8,,,Restaurant,West Virginia
9,,,Restaurant,West Virginia
0,5F_ASUSCHFf3YotkKioZ5w,5A9HLocD_BJ6VLiKlgbB8Q,Restaurant,Wisconsin
1,seAX967Wk8qiVXOYjbregg,6Wc5DPXGudcNi2XK7QfQtA,Restaurant,Wisconsin
2,_cUtxCvCccwgNJzD5I0cDA,fQt4D34vcJNtEf8Q4zte3w,Restaurant,Wisconsin
3,Ffa1cXIvFAy8H1sorICaiQ,ruWTngdiC68O9la27hvvHw,Restaurant,Wisconsin
4,igaoaFNkX7ieMuyUBg0u5w,kBJfBVaXJtPEKLTov1hJdQ,Restaurant,Wisconsin
5,DecNq9BYtMwHhgdnPNGbVQ,LOOgah4nTChVUfhOxKfmaQ,Restaurant,Wisconsin
6,UsXqCXRZwSCSw0AT7y1uBg,NvKNe9DnQavC9GstglcBJQ,Restaurant,Wisconsin
7,w-w-k-QXosIKQ8HQVwU6IQ,P6O50VeFlBIJpP0QPYsXbQ,Restaurant,Wisconsin
8,ACUVZ4SiN0gni7dzVDm9EQ,lMvz9E-JO3pajoTLAh6O6w,Restaurant,Wisconsin
9,ZYZNcugF3xUEGyLOVGiZ0Q,Ade8mPSOeEw2OodsN9DadA,Restaurant,Wisconsin
0,,,Restaurant,Wyoming
1,,,Restaurant,Wyoming
2,,,Restaurant,Wyoming
3,,,Restaurant,Wyoming
4,,,Restaurant,Wyoming
5,,,Restaurant,Wyoming
6,,,Restaurant,Wyoming
7,,,Restaurant,Wyoming
8,,,Restaurant,Wyoming
9,,,Restaurant,Wyoming
0,,,Shopping,Alabama
1,,,Shopping,Alabama
2,,,Shopping,Alabama
3,,,Shopping,Alabama
4,,,Shopping,Alabama
5,,,Shopping,Alabama
6,,,Shopping,Alabama
7,,,Shopping,Alabama
8,,,Shopping,Alabama
9,,,Shopping,Alabama
0,,,Shopping,Alaska
1,,,Shopping,Alaska
2,,,Shopping,Alaska
3,,,Shopping,Alaska
4,,,Shopping,Alaska
5,,,Shopping,Alaska
6,,,Shopping,Alaska
7,,,Shopping,Alaska
8,,,Shopping,Alaska
9,,,Shopping,Alaska
0,23J4vG9_xxxdnmi8CBX7Ng,VbOwWJKLC6k3urXIBWIDJA,Shopping,Arizona
1,nkN_do3fJ9xekchVC-v68A,ELB-RHEl7nZmUApBSj1Xcg,Shopping,Arizona
2,ysCBsXWPB-LAiewVS3jZfQ,Az_60nNuh1FH8Ds8oasZjw,Shopping,Arizona
3,m07sy7eLtOjVdZ8oN9JKag,g83WbX_recywc4DEIZ-xug,Shopping,Arizona
4,Xj0O2l0bp633ebmG468aZw,ru-iY1SVWPgQqSeqL2V8Qw,Shopping,Arizona
5,HYQoxBC1y1DGPq6pGP09Tw,Rw0FyjiCjk1L0X3wXO56Og,Shopping,Arizona
6,Pf7FI0OukC_CEcCz0ZxoUw,aSGCy2a57p-vdY8pHVu5Kg,Shopping,Arizona
7,53bZ_EsXH71L7iFs5MP9_w,8UPOf5ImIM-Xih56huoSRg,Shopping,Arizona
8,dIIKEfOgo0KqUfGQvGikPg,O_8Du5H8WrBwCZmVJpu2-w,Shopping,Arizona
9,XCW5pJCDhvlW76XTSUEkIg,1gZQHfQgePCuLiwBBJcwgw,Shopping,Arizona
0,,,Shopping,Arkansas
1,,,Shopping,Arkansas
2,,,Shopping,Arkansas
3,,,Shopping,Arkansas
4,,,Shopping,Arkansas
5,,,Shopping,Arkansas
6,,,Shopping,Arkansas
7,,,Shopping,Arkansas
8,,,Shopping,Arkansas
9,,,Shopping,Arkansas
0,,,Shopping,California
1,,,Shopping,California
2,,,Shopping,California
3,,,Shopping,California
4,,,Shopping,California
5,,,Shopping,California
6,,,Shopping,California
7,,,Shopping,California
8,,,Shopping,California
9,,,Shopping,California
0,,,Shopping,Colorado
1,,,Shopping,Colorado
2,,,Shopping,Colorado
3,,,Shopping,Colorado
4,,,Shopping,Colorado
5,,,Shopping,Colorado
6,,,Shopping,Colorado
7,,,Shopping,Colorado
8,,,Shopping,Colorado
9,,,Shopping,Colorado
0,,,Shopping,Connecticut
1,,,Shopping,Connecticut
2,,,Shopping,Connecticut
3,,,Shopping,Connecticut
4,,,Shopping,Connecticut
5,,,Shopping,Connecticut
6,,,Shopping,Connecticut
7,,,Shopping,Connecticut
8,,,Shopping,Connecticut
9,,,Shopping,Connecticut
0,,,Shopping,Washington District of Columbia
1,,,Shopping,Washington District of Columbia
2,,,Shopping,Washington District of Columbia
3,,,Shopping,Washington District of Columbia
4,,,Shopping,Washington District of Columbia
5,,,Shopping,Washington District of Columbia
6,,,Shopping,Washington District of Columbia
7,,,Shopping,Washington District of Columbia
8,,,Shopping,Washington District of Columbia
9,,,Shopping,Washington District of Columbia
0,J_YdNRh3XczuBubDLCPndQ,kcfjpeUoyqUvVBCoQ7N1sg,Shopping,Delaware
1,Ohu2hfJX_5TeMp5X1dE3Lg,kcfjpeUoyqUvVBCoQ7N1sg,Shopping,Delaware
2,BqmvcFz8f0_o90HJFMpe6w,kcfjpeUoyqUvVBCoQ7N1sg,Shopping,Delaware
3,rgwzJMqliK5Khs4-vpXAEw,kcfjpeUoyqUvVBCoQ7N1sg,Shopping,Delaware
4,wz4pCzObRZ8adQDdGjziWA,kcfjpeUoyqUvVBCoQ7N1sg,Shopping,Delaware
5,,,Shopping,Delaware
6,,,Shopping,Delaware
7,,,Shopping,Delaware
8,,,Shopping,Delaware
9,,,Shopping,Delaware
0,,,Shopping,Florida
1,,,Shopping,Florida
2,,,Shopping,Florida
3,,,Shopping,Florida
4,,,Shopping,Florida
5,,,Shopping,Florida
6,,,Shopping,Florida
7,,,Shopping,Florida
8,,,Shopping,Florida
9,,,Shopping,Florida
0,,,Shopping,Georgia
1,,,Shopping,Georgia
2,,,Shopping,Georgia
3,,,Shopping,Georgia
4,,,Shopping,Georgia
5,,,Shopping,Georgia
6,,,Shopping,Georgia
7,,,Shopping,Georgia
8,,,Shopping,Georgia
9,,,Shopping,Georgia
0,,,Shopping,Hawaii
1,,,Shopping,Hawaii
2,,,Shopping,Hawaii
3,,,Shopping,Hawaii
4,,,Shopping,Hawaii
5,,,Shopping,Hawaii
6,,,Shopping,Hawaii
7,,,Shopping,Hawaii
8,,,Shopping,Hawaii
9,,,Shopping,Hawaii
0,,,Shopping,Idaho
1,,,Shopping,Idaho
2,,,Shopping,Idaho
3,,,Shopping,Idaho
4,,,Shopping,Idaho
5,,,Shopping,Idaho
6,,,Shopping,Idaho
7,,,Shopping,Idaho
8,,,Shopping,Idaho
9,,,Shopping,Idaho
0,5F_ASUSCHFf3YotkKioZ5w,DtQClnfivgyhxhj2iK6ffg,Shopping,Illinois
1,XYSDrIef7g4Gmp3lNFVO6A,LkIJD8JMklw4Ug3pzRcQew,Shopping,Illinois
2,tPufvUuxXLJOMYQ7gzsMVA,XrFF2f26Lc9uNu0gVc7PvQ,Shopping,Illinois
3,be8hFRSzakhqt37ojP308g,9SJ5sTileHeLXVMJrQiEDQ,Shopping,Illinois
4,Ev55kUL77kZk6xCYam5www,smEBGmtg-U8Rxa2P2jKClQ,Shopping,Illinois
5,fwSsSQXLvip6MkayAa_vyQ,QqwF1EXpSjivBaXaZWmDkw,Shopping,Illinois
6,obnSWeGIYsjedPvy0_0Jag,ulvzyi-5vChuode--304DA,Shopping,Illinois
7,HXOfPXPMvdXNpQ_l0RRjKw,MR0h8i1xQizd1gVwTL-3LQ,Shopping,Illinois
8,yaBIVHDxaUBN2YHQ8-YiuQ,KNVMahZH_7xDDjZz-K6lwg,Shopping,Illinois
9,tk47e3weem-fA6K9J-iH9Q,WAAYgXdq-1zdo5Je-pq3kg,Shopping,Illinois
0,,,Shopping,Indiana
1,,,Shopping,Indiana
2,,,Shopping,Indiana
3,,,Shopping,Indiana
4,,,Shopping,Indiana
5,,,Shopping,Indiana
6,,,Shopping,Indiana
7,,,Shopping,Indiana
8,,,Shopping,Indiana
9,,,Shopping,Indiana
0,,,Shopping,Iowa
1,,,Shopping,Iowa
2,,,Shopping,Iowa
3,,,Shopping,Iowa
4,,,Shopping,Iowa
5,,,Shopping,Iowa
6,,,Shopping,Iowa
7,,,Shopping,Iowa
8,,,Shopping,Iowa
9,,,Shopping,Iowa
0,,,Shopping,Kansas
1,,,Shopping,Kansas
2,,,Shopping,Kansas
3,,,Shopping,Kansas
4,,,Shopping,Kansas
5,,,Shopping,Kansas
6,,,Shopping,Kansas
7,,,Shopping,Kansas
8,,,Shopping,Kansas
9,,,Shopping,Kansas
0,,,Shopping,Kentucky
1,,,Shopping,Kentucky
2,,,Shopping,Kentucky
3,,,Shopping,Kentucky
4,,,Shopping,Kentucky
5,,,Shopping,Kentucky
6,,,Shopping,Kentucky
7,,,Shopping,Kentucky
8,,,Shopping,Kentucky
9,,,Shopping,Kentucky
0,,,Shopping,Louisiana
1,,,Shopping,Louisiana
2,,,Shopping,Louisiana
3,,,Shopping,Louisiana
4,,,Shopping,Louisiana
5,,,Shopping,Louisiana
6,,,Shopping,Louisiana
7,,,Shopping,Louisiana
8,,,Shopping,Louisiana
9,,,Shopping,Louisiana
0,,,Shopping,Maine
1,,,Shopping,Maine
2,,,Shopping,Maine
3,,,Shopping,Maine
4,,,Shopping,Maine
5,,,Shopping,Maine
6,,,Shopping,Maine
7,,,Shopping,Maine
8,,,Shopping,Maine
9,,,Shopping,Maine
0,,,Shopping,Maryland
1,,,Shopping,Maryland
2,,,Shopping,Maryland
3,,,Shopping,Maryland
4,,,Shopping,Maryland
5,,,Shopping,Maryland
6,,,Shopping,Maryland
7,,,Shopping,Maryland
8,,,Shopping,Maryland
9,,,Shopping,Maryland
0,,,Shopping,Massachusetts
1,,,Shopping,Massachusetts
2,,,Shopping,Massachusetts
3,,,Shopping,Massachusetts
4,,,Shopping,Massachusetts
5,,,Shopping,Massachusetts
6,,,Shopping,Massachusetts
7,,,Shopping,Massachusetts
8,,,Shopping,Massachusetts
9,,,Shopping,Massachusetts
0,,,Shopping,Michigan
1,,,Shopping,Michigan
2,,,Shopping,Michigan
3,,,Shopping,Michigan
4,,,Shopping,Michigan
5,,,Shopping,Michigan
6,,,Shopping,Michigan
7,,,Shopping,Michigan
8,,,Shopping,Michigan
9,,,Shopping,Michigan
0,,,Shopping,Minnesota
1,,,Shopping,Minnesota
2,,,Shopping,Minnesota
3,,,Shopping,Minnesota
4,,,Shopping,Minnesota
5,,,Shopping,Minnesota
6,,,Shopping,Minnesota
7,,,Shopping,Minnesota
8,,,Shopping,Minnesota
9,,,Shopping,Minnesota
0,,,Shopping,Mississippi
1,,,Shopping,Mississippi
2,,,Shopping,Mississippi
3,,,Shopping,Mississippi
4,,,Shopping,Mississippi
5,,,Shopping,Mississippi
6,,,Shopping,Mississippi
7,,,Shopping,Mississippi
8,,,Shopping,Mississippi
9,,,Shopping,Mississippi
0,,,Shopping,Missouri
1,,,Shopping,Missouri
2,,,Shopping,Missouri
3,,,Shopping,Missouri
4,,,Shopping,Missouri
5,,,Shopping,Missouri
6,,,Shopping,Missouri
7,,,Shopping,Missouri
8,,,Shopping,Missouri
9,,,Shopping,Missouri
0,sQ7dT01o_m2tu4gamI_4Rg,ehpewLjZ1VPc1by1EzXqfA,Shopping,Montana
1,-85GzMKjLZgOyDCvUAikJA,ehpewLjZ1VPc1by1EzXqfA,Shopping,Montana
2,ceAThsA4RPlpHGO3N-juyA,ehpewLjZ1VPc1by1EzXqfA,Shopping,Montana
3,zGrgQw_EoJg4zDnoWnFb2w,ehpewLjZ1VPc1by1EzXqfA,Shopping,Montana
4,V6MUTkgdJ6OIumH0OLm3rw,ehpewLjZ1VPc1by1EzXqfA,Shopping,Montana
5,2ZiJmiq3niVfkIz_KDBDfQ,ehpewLjZ1VPc1by1EzXqfA,Shopping,Montana
6,sfV5sKQElvHq7eLwgH9O5w,ehpewLjZ1VPc1by1EzXqfA,Shopping,Montana
7,4uvMICfWfDhqEZcCqmpwgg,ehpewLjZ1VPc1by1EzXqfA,Shopping,Montana
8,EKfgB4_bLKkzfIFAcr_D-A,ehpewLjZ1VPc1by1EzXqfA,Shopping,Montana
9,tcpH_Lw1dV0XTKq_X9Ilpg,ehpewLjZ1VPc1by1EzXqfA,Shopping,Montana
0,,,Shopping,Nebraska
1,,,Shopping,Nebraska
2,,,Shopping,Nebraska
3,,,Shopping,Nebraska
4,,,Shopping,Nebraska
5,,,Shopping,Nebraska
6,,,Shopping,Nebraska
7,,,Shopping,Nebraska
8,,,Shopping,Nebraska
9,,,Shopping,Nebraska
0,6s-g2vFu12OemhiK3FJuOQ,aSGCy2a57p-vdY8pHVu5Kg,Shopping,Nevada
1,23J4vG9_xxxdnmi8CBX7Ng,VbOwWJKLC6k3urXIBWIDJA,Shopping,Nevada
2,VHdY6oG2JPVNjihWhOooAQ,oxxcmHKPb7jqVP15zC0j5w,Shopping,Nevada
3,nkN_do3fJ9xekchVC-v68A,ELB-RHEl7nZmUApBSj1Xcg,Shopping,Nevada
4,gjhzKWsqCIrpEd9pevbKZw,GWN4HjjbtYRqO6JxqsNBIg,Shopping,Nevada
5,ysCBsXWPB-LAiewVS3jZfQ,Az_60nNuh1FH8Ds8oasZjw,Shopping,Nevada
6,nzsv-p1O8gCfP3XijfQrIw,DxgSVufr_6y_Rc63CC17Zg,Shopping,Nevada
7,m07sy7eLtOjVdZ8oN9JKag,g83WbX_recywc4DEIZ-xug,Shopping,Nevada
8,ITa3vh5ERI90G_WP4SmGUQ,K4cpZcZVHxc13y0ekvDhFQ,Shopping,Nevada
9,8Aq_UdlsrjhBwGWb_U-xRA,77FUdM-bbaiQ4AaJ7hsdeA,Shopping,Nevada
0,,,Shopping,New Hampshire
1,,,Shopping,New Hampshire
2,,,Shopping,New Hampshire
3,,,Shopping,New Hampshire
4,,,Shopping,New Hampshire
5,,,Shopping,New Hampshire
6,,,Shopping,New Hampshire
7,,,Shopping,New Hampshire
8,,,Shopping,New Hampshire
9,,,Shopping,New Hampshire
0,,,Shopping,New Jersey
1,,,Shopping,New Jersey
2,,,Shopping,New Jersey
3,,,Shopping,New Jersey
4,,,Shopping,New Jersey
5,,,Shopping,New Jersey
6,,,Shopping,New Jersey
7,,,Shopping,New Jersey
8,,,Shopping,New Jersey
9,,,Shopping,New Jersey
0,,,Shopping,New Mexico
1,,,Shopping,New Mexico
2,,,Shopping,New Mexico
3,,,Shopping,New Mexico
4,,,Shopping,New Mexico
5,,,Shopping,New Mexico
6,,,Shopping,New Mexico
7,,,Shopping,New Mexico
8,,,Shopping,New Mexico
9,,,Shopping,New Mexico
0,WBCG29Wa-amEZPnoAGqYgg,gbMDGRFNAhgaDOt7h_xGTQ,Shopping,New York
1,VRB46CgxSqgyGZMWeQJSIg,3lFUdYf2zfFxrm8LIpupBw,Shopping,New York
2,7Uz4gT4iFOWkc_8LT37f1g,3lFUdYf2zfFxrm8LIpupBw,Shopping,New York
3,3cADFWNkeGKBsy7WO-VrBw,3lFUdYf2zfFxrm8LIpupBw,Shopping,New York
4,WnVO2Zy1ABwjfOH0nnVKsA,3lFUdYf2zfFxrm8LIpupBw,Shopping,New York
5,7lrLdRT5cUuEy_7StDbsag,SMx-Ltydt4Y4JFoSfheOhA,Shopping,New York
6,SaFwA-O7hGWt4JCgaSKfFg,3lFUdYf2zfFxrm8LIpupBw,Shopping,New York
7,OIyeZyPEppjeiHMxtJq0Zg,3lFUdYf2zfFxrm8LIpupBw,Shopping,New York
8,NGKlW-6DMuL73uSEFJyLyw,HqIKlhg6OKhpBfEvMwSIwA,Shopping,New York
9,IrZBI_MLdwer8GKStOP0Zg,SMx-Ltydt4Y4JFoSfheOhA,Shopping,New York
0,dIIKEfOgo0KqUfGQvGikPg,O_8Du5H8WrBwCZmVJpu2-w,Shopping,North Carolina
1,jX52sZoojxyYV2viWNyO7A,1TEN7dW_ENutX7abY0jUMw,Shopping,North Carolina
2,8qtsJtmefjJZIFM6_Ksd7A,cfdC4yF9Kufk88Al0TNiTg,Shopping,North Carolina
3,YbZg36FoMgkKcTEPae5siA,HJkMhbtCOmATrND6ehS89g,Shopping,North Carolina
4,XYSDrIef7g4Gmp3lNFVO6A,LkIJD8JMklw4Ug3pzRcQew,Shopping,North Carolina
5,37HswRimgBEf7_US-c3CDA,CZWIiJMB4vrBpca84agvMg,Shopping,North Carolina
6,4rg-rTjYpnEjNOqi-ej4RA,UjTNhGKPetYsM5cxqyMKKw,Shopping,North Carolina
7,M9rRM6Eo5YbKLKMG5QiIPA,ZCAhOtaExSCVQhmEuxpWJw,Shopping,North Carolina
8,#NAME?,ES0ijQ-KlNPUoXl4tK1tDQ,Shopping,North Carolina
9,LdWIjNvjdaAoAfpQhT6F9w,BpW65jN4yscndnTsdyzoHQ,Shopping,North Carolina
0,,,Shopping,North Dakota
1,,,Shopping,North Dakota
2,,,Shopping,North Dakota
3,,,Shopping,North Dakota
4,,,Shopping,North Dakota
5,,,Shopping,North Dakota
6,,,Shopping,North Dakota
7,,,Shopping,North Dakota
8,,,Shopping,North Dakota
9,,,Shopping,North Dakota
0,om5ZiponkpRqUNa3pVPiRg,Vt93N5c4AB_4dkUBBxBBgA,Shopping,Ohio
1,dIIKEfOgo0KqUfGQvGikPg,O_8Du5H8WrBwCZmVJpu2-w,Shopping,Ohio
2,w-w-k-QXosIKQ8HQVwU6IQ,5lArDVQZBp97qykssYsVGA,Shopping,Ohio
3,XYSDrIef7g4Gmp3lNFVO6A,LkIJD8JMklw4Ug3pzRcQew,Shopping,Ohio
4,XHuNSjrPA3Vyi7n4iVhZaQ,rzE9MVZ2WJfMxjGH57dWDw,Shopping,Ohio
5,QuZbJquRtbY9O9JrB9NpxQ,C0C7IxBSC1df0FwXODZCvw,Shopping,Ohio
6,s2c7-9bqMhjA8POuKIHm8g,HJx0usnyVijOom2q73xGIA,Shopping,Ohio
7,WslBIvrC1ezr4VAvPMEyMA,txodFNzGjXaHQsQQU70Jjw,Shopping,Ohio
8,kcLuh-ck_Zj07TsodaaNUA,8E5l83iGubQmtivb24TL_Q,Shopping,Ohio
9,0Igx-a1wAstiBDerGxXk2A,BY7gsltYdGs4AhyeYxkBQg,Shopping,Ohio
0,,,Shopping,Oklahoma
1,,,Shopping,Oklahoma
2,,,Shopping,Oklahoma
3,,,Shopping,Oklahoma
4,,,Shopping,Oklahoma
5,,,Shopping,Oklahoma
6,,,Shopping,Oklahoma
7,,,Shopping,Oklahoma
8,,,Shopping,Oklahoma
9,,,Shopping,Oklahoma
0,,,Shopping,Oregon
1,,,Shopping,Oregon
2,,,Shopping,Oregon
3,,,Shopping,Oregon
4,,,Shopping,Oregon
5,,,Shopping,Oregon
6,,,Shopping,Oregon
7,,,Shopping,Oregon
8,,,Shopping,Oregon
9,,,Shopping,Oregon
0,VHdY6oG2JPVNjihWhOooAQ,oxxcmHKPb7jqVP15zC0j5w,Shopping,Pennsylvania
1,5MCBLBxr10NLUKZ4AboAMg,rAtRO7AC8hFiDfWZrWzPdw,Shopping,Pennsylvania
2,ITa3vh5ERI90G_WP4SmGUQ,K4cpZcZVHxc13y0ekvDhFQ,Shopping,Pennsylvania
3,53bZ_EsXH71L7iFs5MP9_w,8UPOf5ImIM-Xih56huoSRg,Shopping,Pennsylvania
4,2hMNc8G87MGYw4PomxT8AQ,NnxwkiBvSSyKeFiez0DDcQ,Shopping,Pennsylvania
5,h7cX02YMLzyobfZ7E-mg-Q,_sR6PBPk5k0tam8kCSGBkQ,Shopping,Pennsylvania
6,UsXqCXRZwSCSw0AT7y1uBg,CufvfheLeRabp9N9TXGs2Q,Shopping,Pennsylvania
7,w-w-k-QXosIKQ8HQVwU6IQ,5lArDVQZBp97qykssYsVGA,Shopping,Pennsylvania
8,U9yWtQO_0LPjtaU9jN0JsA,awQ89Xl8A4viRosgPaZaww,Shopping,Pennsylvania
9,ybJkYYEBvFGVb-or4i9_oA,KsTsrgto44J3F4vIR0HEAw,Shopping,Pennsylvania
0,,,Shopping,Rhode Island
1,,,Shopping,Rhode Island
2,,,Shopping,Rhode Island
3,,,Shopping,Rhode Island
4,,,Shopping,Rhode Island
5,,,Shopping,Rhode Island
6,,,Shopping,Rhode Island
7,,,Shopping,Rhode Island
8,,,Shopping,Rhode Island
9,,,Shopping,Rhode Island
0,S05NY_oZqxAVlS2OLkHmNQ,dYhnPLaCxvcoQgrKqSLHig,Shopping,South Carolina
1,hWDybu_KvYLSdEFzGrniTw,MTaUKiq8TgQ5SD0RrQQtJA,Shopping,South Carolina
2,VbfaQcyRqSZ0rGvhgg-3Fw,AwrkVX4iw6H52Ovr6ReRfw,Shopping,South Carolina
3,2hii37dkKL4POcu6vh_6EA,m2ZvlibFIXL7FfH2lffOKw,Shopping,South Carolina
4,Ry1O_KXZHGRI8g5zBR3IcQ,xRs4aFJGAT8eO86pIZ362Q,Shopping,South Carolina
5,SlgpAnj2gQd44EM_Uq6DkQ,oLhb7tWPNP5SttENVmGtHw,Shopping,South Carolina
6,aDYNz8cujkDdmbiOh95ANA,06zYmp6wz6DXKRKSv4co8Q,Shopping,South Carolina
7,qjYXOBnladFYhciGBSgAMw,0CVFDxKI1F0rC0N7QZPdwA,Shopping,South Carolina
8,s4cki7AiOrOjb5r-ZpbJUw,VSvxhA9651-6XQdqMmlB_Q,Shopping,South Carolina
9,vKUlUXLVylwdttu7h1_Y5Q,_ABVTPkUnbCWgBmakmKXMw,Shopping,South Carolina
0,,,Shopping,South Dakota
1,,,Shopping,South Dakota
2,,,Shopping,South Dakota
3,,,Shopping,South Dakota
4,,,Shopping,South Dakota
5,,,Shopping,South Dakota
6,,,Shopping,South Dakota
7,,,Shopping,South Dakota
8,,,Shopping,South Dakota
9,,,Shopping,South Dakota
0,,,Shopping,Tennessee
1,,,Shopping,Tennessee
2,,,Shopping,Tennessee
3,,,Shopping,Tennessee
4,,,Shopping,Tennessee
5,,,Shopping,Tennessee
6,,,Shopping,Tennessee
7,,,Shopping,Tennessee
8,,,Shopping,Tennessee
9,,,Shopping,Tennessee
0,,,Shopping,Texas
1,,,Shopping,Texas
2,,,Shopping,Texas
3,,,Shopping,Texas
4,,,Shopping,Texas
5,,,Shopping,Texas
6,,,Shopping,Texas
7,,,Shopping,Texas
8,,,Shopping,Texas
9,,,Shopping,Texas
0,,,Shopping,Utah
1,,,Shopping,Utah
2,,,Shopping,Utah
3,,,Shopping,Utah
4,,,Shopping,Utah
5,,,Shopping,Utah
6,,,Shopping,Utah
7,,,Shopping,Utah
8,,,Shopping,Utah
9,,,Shopping,Utah
0,,,Shopping,Vermont
1,,,Shopping,Vermont
2,,,Shopping,Vermont
3,,,Shopping,Vermont
4,,,Shopping,Vermont
5,,,Shopping,Vermont
6,,,Shopping,Vermont
7,,,Shopping,Vermont
8,,,Shopping,Vermont
9,,,Shopping,Vermont
0,,,Shopping,Virginia
1,,,Shopping,Virginia
2,,,Shopping,Virginia
3,,,Shopping,Virginia
4,,,Shopping,Virginia
5,,,Shopping,Virginia
6,,,Shopping,Virginia
7,,,Shopping,Virginia
8,,,Shopping,Virginia
9,,,Shopping,Virginia
0,,,Shopping,Washington
1,,,Shopping,Washington
2,,,Shopping,Washington
3,,,Shopping,Washington
4,,,Shopping,Washington
5,,,Shopping,Washington
6,,,Shopping,Washington
7,,,Shopping,Washington
8,,,Shopping,Washington
9,,,Shopping,Washington
0,,,Shopping,West Virginia
1,,,Shopping,West Virginia
2,,,Shopping,West Virginia
3,,,Shopping,West Virginia
4,,,Shopping,West Virginia
5,,,Shopping,West Virginia
6,,,Shopping,West Virginia
7,,,Shopping,West Virginia
8,,,Shopping,West Virginia
9,,,Shopping,West Virginia
0,8Aq_UdlsrjhBwGWb_U-xRA,77FUdM-bbaiQ4AaJ7hsdeA,Shopping,Wisconsin
1,_cUtxCvCccwgNJzD5I0cDA,5f3SBBaVoeI4tPgx_MTRHg,Shopping,Wisconsin
2,Ffa1cXIvFAy8H1sorICaiQ,erilrfq0TCOU5fHUqITyYA,Shopping,Wisconsin
3,DecNq9BYtMwHhgdnPNGbVQ,wWpw4gbA9B6VWt85351TvA,Shopping,Wisconsin
4,ACUVZ4SiN0gni7dzVDm9EQ,Q2ej5DGQur0jcggZimnNxw,Shopping,Wisconsin
5,6PEIKIibsT3NkG1THRfJPg,7B1MoDZIPF09XCKd4xbaWQ,Shopping,Wisconsin
6,KVehpTNCERwMGAx-h9MR-A,abHtl-mu2C0G_RUriG9YmQ,Shopping,Wisconsin
7,3LC2sKfvz_nWuJquUDsNnw,NsEAgJ3Tf8PzW-8Pk8gyhQ,Shopping,Wisconsin
8,Pstaq3a0m58jBDkoT5HtOw,Q2ej5DGQur0jcggZimnNxw,Shopping,Wisconsin
9,To0GTLW5MGZwOg5TxxZIQA,IjEX9xqyfmF79Np5CZoFyQ,Shopping,Wisconsin
0,,,Shopping,Wyoming
1,,,Shopping,Wyoming
2,,,Shopping,Wyoming
3,,,Shopping,Wyoming
4,,,Shopping,Wyoming
5,,,Shopping,Wyoming
6,,,Shopping,Wyoming
7,,,Shopping,Wyoming
8,,,Shopping,Wyoming
9,,,Shopping,Wyoming
0,,,Home & Service,Alabama
1,,,Home & Service,Alabama
2,,,Home & Service,Alabama
3,,,Home & Service,Alabama
4,,,Home & Service,Alabama
5,,,Home & Service,Alabama
6,,,Home & Service,Alabama
7,,,Home & Service,Alabama
8,,,Home & Service,Alabama
9,,,Home & Service,Alabama
0,,,Home & Service,Alaska
1,,,Home & Service,Alaska
2,,,Home & Service,Alaska
3,,,Home & Service,Alaska
4,,,Home & Service,Alaska
5,,,Home & Service,Alaska
6,,,Home & Service,Alaska
7,,,Home & Service,Alaska
8,,,Home & Service,Alaska
9,,,Home & Service,Alaska
0,UQFE3BT1rsIYrcDvu_XVow,79V8osIXJft6FIixcnFRww,Home & Service,Arizona
1,dIIKEfOgo0KqUfGQvGikPg,QosqxBQrGR0o6Gx9mlcMmg,Home & Service,Arizona
2,fgwI3rYHOv1ipfVfCSx7pg,QosqxBQrGR0o6Gx9mlcMmg,Home & Service,Arizona
3,QuZbJquRtbY9O9JrB9NpxQ,D_7ee6sxfuzfBLYQ_02D2Q,Home & Service,Arizona
4,rMsB82tk9uOB6JumPMgczg,DqSG7fucXjEhDLsKV4Fs4w,Home & Service,Arizona
5,xceJT1G2Yhel3W2lRxRTDA,XZ5eG2IEqu_MuZyTZTcpSg,Home & Service,Arizona
6,HZ9ep6UdCW0TmTTAfjzYxg,veXwcExHJJIq70ECS-uk4Q,Home & Service,Arizona
7,M9rRM6Eo5YbKLKMG5QiIPA,SurnOSM2bVVN4-Js3G23RQ,Home & Service,Arizona
8,1zyE713RTVjBoO55_XjZiA,tnG4_L5bZiffTbaFru9EBg,Home & Service,Arizona
9,PcPminF0bIUsKjUh9e4DMQ,vU4LIjHpFqTQ-AonRAqblg,Home & Service,Arizona
0,,,Home & Service,Arkansas
1,,,Home & Service,Arkansas
2,,,Home & Service,Arkansas
3,,,Home & Service,Arkansas
4,,,Home & Service,Arkansas
5,,,Home & Service,Arkansas
6,,,Home & Service,Arkansas
7,,,Home & Service,Arkansas
8,,,Home & Service,Arkansas
9,,,Home & Service,Arkansas
0,bqeYFt5sRAeEUpIQ7U5PLA,Xp2Owe_MZcRiCFZJuyarVg,Home & Service,California
1,kUxCPwO6zlAwE5OWZZgqMg,Xp2Owe_MZcRiCFZJuyarVg,Home & Service,California
2,dtUyclptaTj39vqF6J2JmQ,Xp2Owe_MZcRiCFZJuyarVg,Home & Service,California
3,r18p34iac1nUt8hxf1tj1g,Xp2Owe_MZcRiCFZJuyarVg,Home & Service,California
4,kJc3qvxrisv6oM-C0Pt83w,Xp2Owe_MZcRiCFZJuyarVg,Home & Service,California
5,tzSVX-0Tsb07dI9BHW-InQ,Xp2Owe_MZcRiCFZJuyarVg,Home & Service,California
6,lIazXaD8_x4TbBsqBWyCfw,Xp2Owe_MZcRiCFZJuyarVg,Home & Service,California
7,FJfnHNLvFHls8U4k_8Bj7g,Xp2Owe_MZcRiCFZJuyarVg,Home & Service,California
8,,,Home & Service,California
9,,,Home & Service,California
0,,,Home & Service,Colorado
1,,,Home & Service,Colorado
2,,,Home & Service,Colorado
3,,,Home & Service,Colorado
4,,,Home & Service,Colorado
5,,,Home & Service,Colorado
6,,,Home & Service,Colorado
7,,,Home & Service,Colorado
8,,,Home & Service,Colorado
9,,,Home & Service,Colorado
0,,,Home & Service,Connecticut
1,,,Home & Service,Connecticut
2,,,Home & Service,Connecticut
3,,,Home & Service,Connecticut
4,,,Home & Service,Connecticut
5,,,Home & Service,Connecticut
6,,,Home & Service,Connecticut
7,,,Home & Service,Connecticut
8,,,Home & Service,Connecticut
9,,,Home & Service,Connecticut
0,,,Home & Service,Washington District of Columbia
1,,,Home & Service,Washington District of Columbia
2,,,Home & Service,Washington District of Columbia
3,,,Home & Service,Washington District of Columbia
4,,,Home & Service,Washington District of Columbia
5,,,Home & Service,Washington District of Columbia
6,,,Home & Service,Washington District of Columbia
7,,,Home & Service,Washington District of Columbia
8,,,Home & Service,Washington District of Columbia
9,,,Home & Service,Washington District of Columbia
0,,,Home & Service,Delaware
1,,,Home & Service,Delaware
2,,,Home & Service,Delaware
3,,,Home & Service,Delaware
4,,,Home & Service,Delaware
5,,,Home & Service,Delaware
6,,,Home & Service,Delaware
7,,,Home & Service,Delaware
8,,,Home & Service,Delaware
9,,,Home & Service,Delaware
0,,,Home & Service,Florida
1,,,Home & Service,Florida
2,,,Home & Service,Florida
3,,,Home & Service,Florida
4,,,Home & Service,Florida
5,,,Home & Service,Florida
6,,,Home & Service,Florida
7,,,Home & Service,Florida
8,,,Home & Service,Florida
9,,,Home & Service,Florida
0,3hjRqQPXejPJLlSVJdqoWA,3de3H2nR8RN2TKSJi-vVuQ,Home & Service,Georgia
1,IZljh8rioPTUCrb_Sl29vw,3de3H2nR8RN2TKSJi-vVuQ,Home & Service,Georgia
2,0ldPR1lbJxQz_hQ_nd4E7g,3de3H2nR8RN2TKSJi-vVuQ,Home & Service,Georgia
3,,,Home & Service,Georgia
4,,,Home & Service,Georgia
5,,,Home & Service,Georgia
6,,,Home & Service,Georgia
7,,,Home & Service,Georgia
8,,,Home & Service,Georgia
9,,,Home & Service,Georgia
0,,,Home & Service,Hawaii
1,,,Home & Service,Hawaii
2,,,Home & Service,Hawaii
3,,,Home & Service,Hawaii
4,,,Home & Service,Hawaii
5,,,Home & Service,Hawaii
6,,,Home & Service,Hawaii
7,,,Home & Service,Hawaii
8,,,Home & Service,Hawaii
9,,,Home & Service,Hawaii
0,,,Home & Service,Idaho
1,,,Home & Service,Idaho
2,,,Home & Service,Idaho
3,,,Home & Service,Idaho
4,,,Home & Service,Idaho
5,,,Home & Service,Idaho
6,,,Home & Service,Idaho
7,,,Home & Service,Idaho
8,,,Home & Service,Idaho
9,,,Home & Service,Idaho
0,5F_ASUSCHFf3YotkKioZ5w,ZfQY1dNPN8IYmwEjZuVtVg,Home & Service,Illinois
1,m3qH3d97shbvSCtmUrpDFA,NwuFi_xrzWzfT7CEXfse7Q,Home & Service,Illinois
2,pFRE2mNCQvx9DUU542c6Dw,7C1g2lil87sbKI3TDCMzxA,Home & Service,Illinois
3,qntQp9UoeP6ju8D_W0Y0cw,fZQ3QjGMRELHG9f0WnN8vw,Home & Service,Illinois
4,NXmp8CW4RFKAU0oNWb--wA,phIxx-A5A0YYJbxQU3zpZA,Home & Service,Illinois
5,qmjoMFMZdLH69_6eGTGDZw,qrKfX7QAOJpSmy0w1eaSrA,Home & Service,Illinois
6,xN-xoLhTHUFfTS_BMGG0xg,ZfQY1dNPN8IYmwEjZuVtVg,Home & Service,Illinois
7,2-iZ3lifB5gGWcpP6EgCCw,eQCnk--ts5DB_lzonZZB1g,Home & Service,Illinois
8,weCeiXxZBhBY5mX9y6jS1A,ImsH-N-I-I6yxATvNPSzUg,Home & Service,Illinois
9,3L7nHnaeSHSdZXzV_vdvAQ,NwuFi_xrzWzfT7CEXfse7Q,Home & Service,Illinois
0,,,Home & Service,Indiana
1,,,Home & Service,Indiana
2,,,Home & Service,Indiana
3,,,Home & Service,Indiana
4,,,Home & Service,Indiana
5,,,Home & Service,Indiana
6,,,Home & Service,Indiana
7,,,Home & Service,Indiana
8,,,Home & Service,Indiana
9,,,Home & Service,Indiana
0,,,Home & Service,Iowa
1,,,Home & Service,Iowa
2,,,Home & Service,Iowa
3,,,Home & Service,Iowa
4,,,Home & Service,Iowa
5,,,Home & Service,Iowa
6,,,Home & Service,Iowa
7,,,Home & Service,Iowa
8,,,Home & Service,Iowa
9,,,Home & Service,Iowa
0,,,Home & Service,Kansas
1,,,Home & Service,Kansas
2,,,Home & Service,Kansas
3,,,Home & Service,Kansas
4,,,Home & Service,Kansas
5,,,Home & Service,Kansas
6,,,Home & Service,Kansas
7,,,Home & Service,Kansas
8,,,Home & Service,Kansas
9,,,Home & Service,Kansas
0,,,Home & Service,Kentucky
1,,,Home & Service,Kentucky
2,,,Home & Service,Kentucky
3,,,Home & Service,Kentucky
4,,,Home & Service,Kentucky
5,,,Home & Service,Kentucky
6,,,Home & Service,Kentucky
7,,,Home & Service,Kentucky
8,,,Home & Service,Kentucky
9,,,Home & Service,Kentucky
0,,,Home & Service,Louisiana
1,,,Home & Service,Louisiana
2,,,Home & Service,Louisiana
3,,,Home & Service,Louisiana
4,,,Home & Service,Louisiana
5,,,Home & Service,Louisiana
6,,,Home & Service,Louisiana
7,,,Home & Service,Louisiana
8,,,Home & Service,Louisiana
9,,,Home & Service,Louisiana
0,,,Home & Service,Maine
1,,,Home & Service,Maine
2,,,Home & Service,Maine
3,,,Home & Service,Maine
4,,,Home & Service,Maine
5,,,Home & Service,Maine
6,,,Home & Service,Maine
7,,,Home & Service,Maine
8,,,Home & Service,Maine
9,,,Home & Service,Maine
0,,,Home & Service,Maryland
1,,,Home & Service,Maryland
2,,,Home & Service,Maryland
3,,,Home & Service,Maryland
4,,,Home & Service,Maryland
5,,,Home & Service,Maryland
6,,,Home & Service,Maryland
7,,,Home & Service,Maryland
8,,,Home & Service,Maryland
9,,,Home & Service,Maryland
0,,,Home & Service,Massachusetts
1,,,Home & Service,Massachusetts
2,,,Home & Service,Massachusetts
3,,,Home & Service,Massachusetts
4,,,Home & Service,Massachusetts
5,,,Home & Service,Massachusetts
6,,,Home & Service,Massachusetts
7,,,Home & Service,Massachusetts
8,,,Home & Service,Massachusetts
9,,,Home & Service,Massachusetts
0,,,Home & Service,Michigan
1,,,Home & Service,Michigan
2,,,Home & Service,Michigan
3,,,Home & Service,Michigan
4,,,Home & Service,Michigan
5,,,Home & Service,Michigan
6,,,Home & Service,Michigan
7,,,Home & Service,Michigan
8,,,Home & Service,Michigan
9,,,Home & Service,Michigan
0,gZP_FtePocaNywKLKjjKwQ,b12qS86-9a_prAfFIdRD2w,Home & Service,Minnesota
1,kTJG8q4tRKQCol1w7j0gog,b12qS86-9a_prAfFIdRD2w,Home & Service,Minnesota
2,BQKjFPJpolS6yqulFX4Wog,b12qS86-9a_prAfFIdRD2w,Home & Service,Minnesota
3,,,Home & Service,Minnesota
4,,,Home & Service,Minnesota
5,,,Home & Service,Minnesota
6,,,Home & Service,Minnesota
7,,,Home & Service,Minnesota
8,,,Home & Service,Minnesota
9,,,Home & Service,Minnesota
0,,,Home & Service,Mississippi
1,,,Home & Service,Mississippi
2,,,Home & Service,Mississippi
3,,,Home & Service,Mississippi
4,,,Home & Service,Mississippi
5,,,Home & Service,Mississippi
6,,,Home & Service,Mississippi
7,,,Home & Service,Mississippi
8,,,Home & Service,Mississippi
9,,,Home & Service,Mississippi
0,,,Home & Service,Missouri
1,,,Home & Service,Missouri
2,,,Home & Service,Missouri
3,,,Home & Service,Missouri
4,,,Home & Service,Missouri
5,,,Home & Service,Missouri
6,,,Home & Service,Missouri
7,,,Home & Service,Missouri
8,,,Home & Service,Missouri
9,,,Home & Service,Missouri
0,,,Home & Service,Montana
1,,,Home & Service,Montana
2,,,Home & Service,Montana
3,,,Home & Service,Montana
4,,,Home & Service,Montana
5,,,Home & Service,Montana
6,,,Home & Service,Montana
7,,,Home & Service,Montana
8,,,Home & Service,Montana
9,,,Home & Service,Montana
0,,,Home & Service,Nebraska
1,,,Home & Service,Nebraska
2,,,Home & Service,Nebraska
3,,,Home & Service,Nebraska
4,,,Home & Service,Nebraska
5,,,Home & Service,Nebraska
6,,,Home & Service,Nebraska
7,,,Home & Service,Nebraska
8,,,Home & Service,Nebraska
9,,,Home & Service,Nebraska
0,8DEyKVyplnOcSKx39vatbg,Bi673pHAK0iLxHNomEtrZw,Home & Service,Nevada
1,rt3PC7WCgCKsoufmQJELfw,gf8LY-OCB7AKnEYCXhmZdQ,Home & Service,Nevada
2,53bZ_EsXH71L7iFs5MP9_w,ZjSzUWHtnpCfjsa7CksSOg,Home & Service,Nevada
3,8h1r7mXd-H225yDgc4EMPg,JDDg0KzpWJOO68PfMqfJbg,Home & Service,Nevada
4,2hMNc8G87MGYw4PomxT8AQ,ZjSzUWHtnpCfjsa7CksSOg,Home & Service,Nevada
5,lufa4bHQd3XLYQE1zXis0g,ZjSzUWHtnpCfjsa7CksSOg,Home & Service,Nevada
6,GpgBEengSGt1SDH67ATF8Q,ZjSzUWHtnpCfjsa7CksSOg,Home & Service,Nevada
7,igaoaFNkX7ieMuyUBg0u5w,ZjSzUWHtnpCfjsa7CksSOg,Home & Service,Nevada
8,w-w-k-QXosIKQ8HQVwU6IQ,ZjSzUWHtnpCfjsa7CksSOg,Home & Service,Nevada
9,IDl8QswIXwI6Fr6KW3TbRw,ZjSzUWHtnpCfjsa7CksSOg,Home & Service,Nevada
0,,,Home & Service,New Hampshire
1,,,Home & Service,New Hampshire
2,,,Home & Service,New Hampshire
3,,,Home & Service,New Hampshire
4,,,Home & Service,New Hampshire
5,,,Home & Service,New Hampshire
6,,,Home & Service,New Hampshire
7,,,Home & Service,New Hampshire
8,,,Home & Service,New Hampshire
9,,,Home & Service,New Hampshire
0,,,Home & Service,New Jersey
1,,,Home & Service,New Jersey
2,,,Home & Service,New Jersey
3,,,Home & Service,New Jersey
4,,,Home & Service,New Jersey
5,,,Home & Service,New Jersey
6,,,Home & Service,New Jersey
7,,,Home & Service,New Jersey
8,,,Home & Service,New Jersey
9,,,Home & Service,New Jersey
0,,,Home & Service,New Mexico
1,,,Home & Service,New Mexico
2,,,Home & Service,New Mexico
3,,,Home & Service,New Mexico
4,,,Home & Service,New Mexico
5,,,Home & Service,New Mexico
6,,,Home & Service,New Mexico
7,,,Home & Service,New Mexico
8,,,Home & Service,New Mexico
9,,,Home & Service,New Mexico
0,y-dpL5Iun_Drej8DFGfAgg,0q3PLf-a_5hCUIsgjkWMiw,Home & Service,New York
1,cRXFtnOJz-yw_EMdavtDzA,2Gc0f44JbkQBMoImlhDf9g,Home & Service,New York
2,knySv4Xsnx5ifUQxk8aRqQ,2Gc0f44JbkQBMoImlhDf9g,Home & Service,New York
3,Fl0ikMuhlT5CdlilDrX1YQ,2Gc0f44JbkQBMoImlhDf9g,Home & Service,New York
4,X4KvWGo05jwT8M4hb5uSSA,2Gc0f44JbkQBMoImlhDf9g,Home & Service,New York
5,FG-2EY4LtcjcdyR69bekgQ,2Gc0f44JbkQBMoImlhDf9g,Home & Service,New York
6,nA0IUjfVQGFXWJwmY9lZhg,2Gc0f44JbkQBMoImlhDf9g,Home & Service,New York
7,oT4RjuVnyOgWmDkgpnL1QA,2Gc0f44JbkQBMoImlhDf9g,Home & Service,New York
8,JIi-QLF1DIxgj8Q9_Z5zNw,2Gc0f44JbkQBMoImlhDf9g,Home & Service,New York
9,,,Home & Service,New York
0,c3_AdjAlMy4EJYQhuXADgA,-5XuRAfrjEiMN77J4gMQZQ,Home & Service,North Carolina
1,62GNFh5FySkA3MbrQmnqvg,nmOJhPW62nCiuXHJuWooIg,Home & Service,North Carolina
2,DXh8yxwZCg5Ckj5kmDvKXw,UG4pl2aQvlSf21eaL8Yq2w,Home & Service,North Carolina
3,hWDybu_KvYLSdEFzGrniTw,nmOJhPW62nCiuXHJuWooIg,Home & Service,North Carolina
4,TYCkjEHPSJSnFb6m6GDluw,IWDxKvfVAXRWD9oi8qEZtw,Home & Service,North Carolina
5,TLdMXf2gt9Am9LOLL_T2FQ,JIo6t97S9fV2H-jDWGbyWg,Home & Service,North Carolina
6,Reuq65EOFI938Yg8xgff9g,46u22mfNV74nzLBQBJlRFw,Home & Service,North Carolina
7,gqpnDoFx42U5NdtejYfKOg,yZ5lm5VusDE9aoePD_eivg,Home & Service,North Carolina
8,_uqIpl5tzucKuIlZZPBZRw,TKQT8EhCom4WIGKb9PbKpw,Home & Service,North Carolina
9,qlC607Cyp0Mj91vDFvkp3Q,L0tpS1l-73cKoOu3Kk9-Gg,Home & Service,North Carolina
0,,,Home & Service,North Dakota
1,,,Home & Service,North Dakota
2,,,Home & Service,North Dakota
3,,,Home & Service,North Dakota
4,,,Home & Service,North Dakota
5,,,Home & Service,North Dakota
6,,,Home & Service,North Dakota
7,,,Home & Service,North Dakota
8,,,Home & Service,North Dakota
9,,,Home & Service,North Dakota
0,kcLuh-ck_Zj07TsodaaNUA,j1N0QWrRnVHnUdTWFI-E9w,Home & Service,Ohio
1,eigZw_Tn4TWJPSZ9UO9Auw,0OKlVYVOjCiZcgxlyBuEeQ,Home & Service,Ohio
2,jj0t-2qLGl2g_odLBjxKOw,BaHJtYIftsaTWJ1UTvJYhA,Home & Service,Ohio
3,60IVUw1Rfzz-IE7EiAoUEw,fFg1SoA4tWEkkqddnOjyiQ,Home & Service,Ohio
4,5WBIwR92ZNVmsG7bRaxHKw,clXWvrO93wFIcc1R13q3GA,Home & Service,Ohio
5,98v_f4MQhbAK-SKeSATEEg,0OKlVYVOjCiZcgxlyBuEeQ,Home & Service,Ohio
6,p3heVCnq3M0H2LMxIuuc5g,BprmNfjUZJTNh6Wd4PB1LA,Home & Service,Ohio
7,JlD8asiXfY1CoGy3VHFRlA,KiA8bYM6w9-6Y6gvU8aU1A,Home & Service,Ohio
8,H_-K6erSJYtzg3ZEvOg3EQ,ZvM2SymZfJA_ToRe7GD8Fw,Home & Service,Ohio
9,lxt4LomsbAjBvk5POhDTEw,rrbqgO_atoJ_mYaOOxWjkg,Home & Service,Ohio
0,,,Home & Service,Oklahoma
1,,,Home & Service,Oklahoma
2,,,Home & Service,Oklahoma
3,,,Home & Service,Oklahoma
4,,,Home & Service,Oklahoma
5,,,Home & Service,Oklahoma
6,,,Home & Service,Oklahoma
7,,,Home & Service,Oklahoma
8,,,Home & Service,Oklahoma
9,,,Home & Service,Oklahoma
0,,,Home & Service,Oregon
1,,,Home & Service,Oregon
2,,,Home & Service,Oregon
3,,,Home & Service,Oregon
4,,,Home & Service,Oregon
5,,,Home & Service,Oregon
6,,,Home & Service,Oregon
7,,,Home & Service,Oregon
8,,,Home & Service,Oregon
9,,,Home & Service,Oregon
0,XYSDrIef7g4Gmp3lNFVO6A,KirjgsehrcOzACQRWM_WuQ,Home & Service,Pennsylvania
1,InDrrRvQ9f732YGPX4Ixmg,4aWJLkiyxJVpTWVJePv_sg,Home & Service,Pennsylvania
2,sBkm5dZgoZXBNb5W6YQj7Q,vIKhXVBZZc0IwiHNBXK7Mg,Home & Service,Pennsylvania
3,k_muz40jJaiY1PVga6NDXA,Rj7ph5EHlpIbRrSNXDy87w,Home & Service,Pennsylvania
4,PjYaEnWRFB7uogiAeaXQQA,VCQadvTqxyxGyzBp21s1eA,Home & Service,Pennsylvania
5,IcdxwCBX6rNHwlcFJEVVtQ,mrKS7K6ljEOwOFdnhPawCA,Home & Service,Pennsylvania
6,MMHVt1xtlD4xJWOMPtX2OA,4R6NJhiq_t91E3W72ou7YA,Home & Service,Pennsylvania
7,lxt4LomsbAjBvk5POhDTEw,rrbqgO_atoJ_mYaOOxWjkg,Home & Service,Pennsylvania
8,TA5f9rpPGllhrjhIor8jNA,l1DgVbsf0oGZbqjpeJlVNA,Home & Service,Pennsylvania
9,Ng3pvTZJR7vXZ49hYnWzow,eQCnk--ts5DB_lzonZZB1g,Home & Service,Pennsylvania
0,,,Home & Service,Rhode Island
1,,,Home & Service,Rhode Island
2,,,Home & Service,Rhode Island
3,,,Home & Service,Rhode Island
4,,,Home & Service,Rhode Island
5,,,Home & Service,Rhode Island
6,,,Home & Service,Rhode Island
7,,,Home & Service,Rhode Island
8,,,Home & Service,Rhode Island
9,,,Home & Service,Rhode Island
0,Reuq65EOFI938Yg8xgff9g,46u22mfNV74nzLBQBJlRFw,Home & Service,South Carolina
1,s4cki7AiOrOjb5r-ZpbJUw,nLtY-gLcQckwzCVZmns3Ig,Home & Service,South Carolina
2,h7Qb2VZwNstP84ntwfJJZQ,WANRyUB7iPrx6VcazlEK2g,Home & Service,South Carolina
3,n4tD6axYRFajkX2ESvukMw,8iUdMMW8z4WINwhPPr_Ysg,Home & Service,South Carolina
4,cyuDrrG5eEK-TZI867MUPA,IDTfEjfkwRGsqs0WtHmVZA,Home & Service,South Carolina
5,hXQHu4Isp1wZYO6A-I0zQg,nq9_aLMMmiLG48dmLVQCsQ,Home & Service,South Carolina
6,NEPtb8p3nyQkkap0DZ0__g,2Kf00fQ15ILl5b-oQoRScg,Home & Service,South Carolina
7,apwx9mVErPHhQgxFnlvcjA,9_1Fn1OSLXUoo20_8OUK3w,Home & Service,South Carolina
8,6ynpX_OjeMBwBCu11p2r9w,h_CWTy9SwAUUW2l1kBJDvw,Home & Service,South Carolina
9,-0b84SUGVN0YkG5j2MCmBw,6mzdzKxJwoxmsYWewxmHvA,Home & Service,South Carolina
0,,,Home & Service,South Dakota
1,,,Home & Service,South Dakota
2,,,Home & Service,South Dakota
3,,,Home & Service,South Dakota
4,,,Home & Service,South Dakota
5,,,Home & Service,South Dakota
6,,,Home & Service,South Dakota
7,,,Home & Service,South Dakota
8,,,Home & Service,South Dakota
9,,,Home & Service,South Dakota
0,,,Home & Service,Tennessee
1,,,Home & Service,Tennessee
2,,,Home & Service,Tennessee
3,,,Home & Service,Tennessee
4,,,Home & Service,Tennessee
5,,,Home & Service,Tennessee
6,,,Home & Service,Tennessee
7,,,Home & Service,Tennessee
8,,,Home & Service,Tennessee
9,,,Home & Service,Tennessee
0,,,Home & Service,Texas
1,,,Home & Service,Texas
2,,,Home & Service,Texas
3,,,Home & Service,Texas
4,,,Home & Service,Texas
5,,,Home & Service,Texas
6,,,Home & Service,Texas
7,,,Home & Service,Texas
8,,,Home & Service,Texas
9,,,Home & Service,Texas
0,,,Home & Service,Utah
1,,,Home & Service,Utah
2,,,Home & Service,Utah
3,,,Home & Service,Utah
4,,,Home & Service,Utah
5,,,Home & Service,Utah
6,,,Home & Service,Utah
7,,,Home & Service,Utah
8,,,Home & Service,Utah
9,,,Home & Service,Utah
0,WFSW_tX9xODo9W_rAnk9Fw,_WbkQha0xqf2DnYumHAaqg,Home & Service,Vermont
1,Bic_gIQ6F0vJdD7LGtnYvA,_WbkQha0xqf2DnYumHAaqg,Home & Service,Vermont
2,klj4q4_8qyG1sTyPefurXw,_WbkQha0xqf2DnYumHAaqg,Home & Service,Vermont
3,,,Home & Service,Vermont
4,,,Home & Service,Vermont
5,,,Home & Service,Vermont
6,,,Home & Service,Vermont
7,,,Home & Service,Vermont
8,,,Home & Service,Vermont
9,,,Home & Service,Vermont
0,,,Home & Service,Virginia
1,,,Home & Service,Virginia
2,,,Home & Service,Virginia
3,,,Home & Service,Virginia
4,,,Home & Service,Virginia
5,,,Home & Service,Virginia
6,,,Home & Service,Virginia
7,,,Home & Service,Virginia
8,,,Home & Service,Virginia
9,,,Home & Service,Virginia
0,,,Home & Service,Washington
1,,,Home & Service,Washington
2,,,Home & Service,Washington
3,,,Home & Service,Washington
4,,,Home & Service,Washington
5,,,Home & Service,Washington
6,,,Home & Service,Washington
7,,,Home & Service,Washington
8,,,Home & Service,Washington
9,,,Home & Service,Washington
0,,,Home & Service,West Virginia
1,,,Home & Service,West Virginia
2,,,Home & Service,West Virginia
3,,,Home & Service,West Virginia
4,,,Home & Service,West Virginia
5,,,Home & Service,West Virginia
6,,,Home & Service,West Virginia
7,,,Home & Service,West Virginia
8,,,Home & Service,West Virginia
9,,,Home & Service,West Virginia
0,_cUtxCvCccwgNJzD5I0cDA,QIrUEVvGtuKIRM46E16EFA,Home & Service,Wisconsin
1,zWGj3oOA_X8QPho_l5BRKg,gV-8S6lhTHuobi0LW6D9aQ,Home & Service,Wisconsin
2,Jtq_pKd7GVbXvFY8YU8kmw,_sIQY8OQLmny0Ue_Gtra6g,Home & Service,Wisconsin
3,bGzQELylOfNPi_XpitxPTQ,nk0rVsak2gP7IEVxayx0qg,Home & Service,Wisconsin
4,WN3FQ5lNz5q8FFbeH42OxQ,1CsALVE2EF7ZK5DqhC0rOQ,Home & Service,Wisconsin
5,hd-S4mtrPY9Q6iuBJegnOQ,7NX8yDzFMPs35RtlPLcsBA,Home & Service,Wisconsin
6,nT3tLANzGy0a7DuB_GIQjA,U6zsZhOQ9QrdrbcY4StV2Q,Home & Service,Wisconsin
7,LAsOaowycjpyCenm1IUi_g,Nm-9cOSh9SLT2e4qcnFlcA,Home & Service,Wisconsin
8,m8nDqQ7a3zQWfkNK1_vwnQ,PV6PBJXIigAdzaSi3SLwOA,Home & Service,Wisconsin
9,g42wi9bOD_WAZsro7VW6rA,C-_NYInA74zB_jzAq1IrSw,Home & Service,Wisconsin
0,,,Home & Service,Wyoming
1,,,Home & Service,Wyoming
2,,,Home & Service,Wyoming
3,,,Home & Service,Wyoming
4,,,Home & Service,Wyoming
5,,,Home & Service,Wyoming
6,,,Home & Service,Wyoming
7,,,Home & Service,Wyoming
8,,,Home & Service,Wyoming
9,,,Home & Service,Wyoming
0,,,Health & Medical,Alabama
1,,,Health & Medical,Alabama
2,,,Health & Medical,Alabama
3,,,Health & Medical,Alabama
4,,,Health & Medical,Alabama
5,,,Health & Medical,Alabama
6,,,Health & Medical,Alabama
7,,,Health & Medical,Alabama
8,,,Health & Medical,Alabama
9,,,Health & Medical,Alabama
0,,,Health & Medical,Alaska
1,,,Health & Medical,Alaska
2,,,Health & Medical,Alaska
3,,,Health & Medical,Alaska
4,,,Health & Medical,Alaska
5,,,Health & Medical,Alaska
6,,,Health & Medical,Alaska
7,,,Health & Medical,Alaska
8,,,Health & Medical,Alaska
9,,,Health & Medical,Alaska
0,om5ZiponkpRqUNa3pVPiRg,4rnfwRvwAHSQfsihafmaXA,Health & Medical,Arizona
1,dIIKEfOgo0KqUfGQvGikPg,rkRYZq3ztIc1IEJ_FzpZsg,Health & Medical,Arizona
2,XCW5pJCDhvlW76XTSUEkIg,DHl1cUYjLJqpqYiHdXbnqg,Health & Medical,Arizona
3,GpgBEengSGt1SDH67ATF8Q,hT0GT8ce9RAwSplyWQdVdg,Health & Medical,Arizona
4,QuZbJquRtbY9O9JrB9NpxQ,OXXlNo095qa3ghyPPw4Tog,Health & Medical,Arizona
5,rMsB82tk9uOB6JumPMgczg,1lAfBPghaWqJiDeM96kRYw,Health & Medical,Arizona
6,xceJT1G2Yhel3W2lRxRTDA,aJ64ACon5V-1JywdaZ2Uzg,Health & Medical,Arizona
7,HZ9ep6UdCW0TmTTAfjzYxg,hLPuR5oF0cA2vVNrAB8QsQ,Health & Medical,Arizona
8,M9rRM6Eo5YbKLKMG5QiIPA,rkRYZq3ztIc1IEJ_FzpZsg,Health & Medical,Arizona
9,w8flMOM04LfF0175Stp3AA,L23Lyc6sivNhblzxHiecYA,Health & Medical,Arizona
0,_MJOtVTGB8OFwOixJhHubQ,eoOFTyoUsy46BXSrGnx-_g,Health & Medical,Arkansas
1,ByJOtvEMBk4WM3LxwV0L3w,eoOFTyoUsy46BXSrGnx-_g,Health & Medical,Arkansas
2,A2oilvP9WPaJfEf3Gp5sRw,eoOFTyoUsy46BXSrGnx-_g,Health & Medical,Arkansas
3,jnNSThYhkBAx_H7tK2kAsg,eoOFTyoUsy46BXSrGnx-_g,Health & Medical,Arkansas
4,2SbdXb5zhr_sYvUnB_33uQ,eoOFTyoUsy46BXSrGnx-_g,Health & Medical,Arkansas
5,1Emm79V-6riYjiwOmVHBuA,eoOFTyoUsy46BXSrGnx-_g,Health & Medical,Arkansas
6,eJd3iIkiUiIH-8wIAT76Eg,eoOFTyoUsy46BXSrGnx-_g,Health & Medical,Arkansas
7,78gZ8D1MY3ZHLtzWuFqOhA,eoOFTyoUsy46BXSrGnx-_g,Health & Medical,Arkansas
8,UWAJns5wCqNmM5mtWtDcNg,eoOFTyoUsy46BXSrGnx-_g,Health & Medical,Arkansas
9,yUlgeMrRoxVdBii55YQ7ig,eoOFTyoUsy46BXSrGnx-_g,Health & Medical,Arkansas
0,nQx3nKOEqr0lqpL0RIMO6g,jYnEPopX6gLlkoIRnWX7VQ,Health & Medical,California
1,TdiS_KhV5av_m3nujACn7A,jYnEPopX6gLlkoIRnWX7VQ,Health & Medical,California
2,zYsQB7ErPFVPMWBtvjzPHA,4COLsANRzhOCXPXh_ZSrGQ,Health & Medical,California
3,,,Health & Medical,California
4,,,Health & Medical,California
5,,,Health & Medical,California
6,,,Health & Medical,California
7,,,Health & Medical,California
8,,,Health & Medical,California
9,,,Health & Medical,California
0,,,Health & Medical,Colorado
1,,,Health & Medical,Colorado
2,,,Health & Medical,Colorado
3,,,Health & Medical,Colorado
4,,,Health & Medical,Colorado
5,,,Health & Medical,Colorado
6,,,Health & Medical,Colorado
7,,,Health & Medical,Colorado
8,,,Health & Medical,Colorado
9,,,Health & Medical,Colorado
0,,,Health & Medical,Connecticut
1,,,Health & Medical,Connecticut
2,,,Health & Medical,Connecticut
3,,,Health & Medical,Connecticut
4,,,Health & Medical,Connecticut
5,,,Health & Medical,Connecticut
6,,,Health & Medical,Connecticut
7,,,Health & Medical,Connecticut
8,,,Health & Medical,Connecticut
9,,,Health & Medical,Connecticut
0,,,Health & Medical,Washington District of Columbia
1,,,Health & Medical,Washington District of Columbia
2,,,Health & Medical,Washington District of Columbia
3,,,Health & Medical,Washington District of Columbia
4,,,Health & Medical,Washington District of Columbia
5,,,Health & Medical,Washington District of Columbia
6,,,Health & Medical,Washington District of Columbia
7,,,Health & Medical,Washington District of Columbia
8,,,Health & Medical,Washington District of Columbia
9,,,Health & Medical,Washington District of Columbia
0,,,Health & Medical,Delaware
1,,,Health & Medical,Delaware
2,,,Health & Medical,Delaware
3,,,Health & Medical,Delaware
4,,,Health & Medical,Delaware
5,,,Health & Medical,Delaware
6,,,Health & Medical,Delaware
7,,,Health & Medical,Delaware
8,,,Health & Medical,Delaware
9,,,Health & Medical,Delaware
0,,,Health & Medical,Florida
1,,,Health & Medical,Florida
2,,,Health & Medical,Florida
3,,,Health & Medical,Florida
4,,,Health & Medical,Florida
5,,,Health & Medical,Florida
6,,,Health & Medical,Florida
7,,,Health & Medical,Florida
8,,,Health & Medical,Florida
9,,,Health & Medical,Florida
0,,,Health & Medical,Georgia
1,,,Health & Medical,Georgia
2,,,Health & Medical,Georgia
3,,,Health & Medical,Georgia
4,,,Health & Medical,Georgia
5,,,Health & Medical,Georgia
6,,,Health & Medical,Georgia
7,,,Health & Medical,Georgia
8,,,Health & Medical,Georgia
9,,,Health & Medical,Georgia
0,,,Health & Medical,Hawaii
1,,,Health & Medical,Hawaii
2,,,Health & Medical,Hawaii
3,,,Health & Medical,Hawaii
4,,,Health & Medical,Hawaii
5,,,Health & Medical,Hawaii
6,,,Health & Medical,Hawaii
7,,,Health & Medical,Hawaii
8,,,Health & Medical,Hawaii
9,,,Health & Medical,Hawaii
0,,,Health & Medical,Idaho
1,,,Health & Medical,Idaho
2,,,Health & Medical,Idaho
3,,,Health & Medical,Idaho
4,,,Health & Medical,Idaho
5,,,Health & Medical,Idaho
6,,,Health & Medical,Idaho
7,,,Health & Medical,Idaho
8,,,Health & Medical,Idaho
9,,,Health & Medical,Idaho
0,5F_ASUSCHFf3YotkKioZ5w,7Vaj54SeGM3RupuvNlccOw,Health & Medical,Illinois
1,nnwBdqGHIAJQ5QX9lHOtrQ,XbHxWOciYlBhJOjKRQbo9g,Health & Medical,Illinois
2,C0RonzO64B4D3o6GtcMlxg,XbHxWOciYlBhJOjKRQbo9g,Health & Medical,Illinois
3,HXOfPXPMvdXNpQ_l0RRjKw,XbHxWOciYlBhJOjKRQbo9g,Health & Medical,Illinois
4,AFCSE7BT3FGle35em1WWVw,UITomlnpbixMcYNXsVV9Rg,Health & Medical,Illinois
5,z_9oeZ5aN8g8AzPNENht8w,A_eABcl0LTts73RNo2Np2Q,Health & Medical,Illinois
6,pFRE2mNCQvx9DUU542c6Dw,UITomlnpbixMcYNXsVV9Rg,Health & Medical,Illinois
7,qntQp9UoeP6ju8D_W0Y0cw,UITomlnpbixMcYNXsVV9Rg,Health & Medical,Illinois
8,JUT0U3HTSB3kz9Wh7N0GqA,A_eABcl0LTts73RNo2Np2Q,Health & Medical,Illinois
9,iSqAA0keruU-ZZro7jW0zQ,Cqqd6l6jSx7pOnsgtLp_dQ,Health & Medical,Illinois
0,,,Health & Medical,Indiana
1,,,Health & Medical,Indiana
2,,,Health & Medical,Indiana
3,,,Health & Medical,Indiana
4,,,Health & Medical,Indiana
5,,,Health & Medical,Indiana
6,,,Health & Medical,Indiana
7,,,Health & Medical,Indiana
8,,,Health & Medical,Indiana
9,,,Health & Medical,Indiana
0,,,Health & Medical,Iowa
1,,,Health & Medical,Iowa
2,,,Health & Medical,Iowa
3,,,Health & Medical,Iowa
4,,,Health & Medical,Iowa
5,,,Health & Medical,Iowa
6,,,Health & Medical,Iowa
7,,,Health & Medical,Iowa
8,,,Health & Medical,Iowa
9,,,Health & Medical,Iowa
0,,,Health & Medical,Kansas
1,,,Health & Medical,Kansas
2,,,Health & Medical,Kansas
3,,,Health & Medical,Kansas
4,,,Health & Medical,Kansas
5,,,Health & Medical,Kansas
6,,,Health & Medical,Kansas
7,,,Health & Medical,Kansas
8,,,Health & Medical,Kansas
9,,,Health & Medical,Kansas
0,,,Health & Medical,Kentucky
1,,,Health & Medical,Kentucky
2,,,Health & Medical,Kentucky
3,,,Health & Medical,Kentucky
4,,,Health & Medical,Kentucky
5,,,Health & Medical,Kentucky
6,,,Health & Medical,Kentucky
7,,,Health & Medical,Kentucky
8,,,Health & Medical,Kentucky
9,,,Health & Medical,Kentucky
0,,,Health & Medical,Louisiana
1,,,Health & Medical,Louisiana
2,,,Health & Medical,Louisiana
3,,,Health & Medical,Louisiana
4,,,Health & Medical,Louisiana
5,,,Health & Medical,Louisiana
6,,,Health & Medical,Louisiana
7,,,Health & Medical,Louisiana
8,,,Health & Medical,Louisiana
9,,,Health & Medical,Louisiana
0,,,Health & Medical,Maine
1,,,Health & Medical,Maine
2,,,Health & Medical,Maine
3,,,Health & Medical,Maine
4,,,Health & Medical,Maine
5,,,Health & Medical,Maine
6,,,Health & Medical,Maine
7,,,Health & Medical,Maine
8,,,Health & Medical,Maine
9,,,Health & Medical,Maine
0,,,Health & Medical,Maryland
1,,,Health & Medical,Maryland
2,,,Health & Medical,Maryland
3,,,Health & Medical,Maryland
4,,,Health & Medical,Maryland
5,,,Health & Medical,Maryland
6,,,Health & Medical,Maryland
7,,,Health & Medical,Maryland
8,,,Health & Medical,Maryland
9,,,Health & Medical,Maryland
0,,,Health & Medical,Massachusetts
1,,,Health & Medical,Massachusetts
2,,,Health & Medical,Massachusetts
3,,,Health & Medical,Massachusetts
4,,,Health & Medical,Massachusetts
5,,,Health & Medical,Massachusetts
6,,,Health & Medical,Massachusetts
7,,,Health & Medical,Massachusetts
8,,,Health & Medical,Massachusetts
9,,,Health & Medical,Massachusetts
0,,,Health & Medical,Michigan
1,,,Health & Medical,Michigan
2,,,Health & Medical,Michigan
3,,,Health & Medical,Michigan
4,,,Health & Medical,Michigan
5,,,Health & Medical,Michigan
6,,,Health & Medical,Michigan
7,,,Health & Medical,Michigan
8,,,Health & Medical,Michigan
9,,,Health & Medical,Michigan
0,,,Health & Medical,Minnesota
1,,,Health & Medical,Minnesota
2,,,Health & Medical,Minnesota
3,,,Health & Medical,Minnesota
4,,,Health & Medical,Minnesota
5,,,Health & Medical,Minnesota
6,,,Health & Medical,Minnesota
7,,,Health & Medical,Minnesota
8,,,Health & Medical,Minnesota
9,,,Health & Medical,Minnesota
0,,,Health & Medical,Mississippi
1,,,Health & Medical,Mississippi
2,,,Health & Medical,Mississippi
3,,,Health & Medical,Mississippi
4,,,Health & Medical,Mississippi
5,,,Health & Medical,Mississippi
6,,,Health & Medical,Mississippi
7,,,Health & Medical,Mississippi
8,,,Health & Medical,Mississippi
9,,,Health & Medical,Mississippi
0,,,Health & Medical,Missouri
1,,,Health & Medical,Missouri
2,,,Health & Medical,Missouri
3,,,Health & Medical,Missouri
4,,,Health & Medical,Missouri
5,,,Health & Medical,Missouri
6,,,Health & Medical,Missouri
7,,,Health & Medical,Missouri
8,,,Health & Medical,Missouri
9,,,Health & Medical,Missouri
0,,,Health & Medical,Montana
1,,,Health & Medical,Montana
2,,,Health & Medical,Montana
3,,,Health & Medical,Montana
4,,,Health & Medical,Montana
5,,,Health & Medical,Montana
6,,,Health & Medical,Montana
7,,,Health & Medical,Montana
8,,,Health & Medical,Montana
9,,,Health & Medical,Montana
0,,,Health & Medical,Nebraska
1,,,Health & Medical,Nebraska
2,,,Health & Medical,Nebraska
3,,,Health & Medical,Nebraska
4,,,Health & Medical,Nebraska
5,,,Health & Medical,Nebraska
6,,,Health & Medical,Nebraska
7,,,Health & Medical,Nebraska
8,,,Health & Medical,Nebraska
9,,,Health & Medical,Nebraska
0,ysCBsXWPB-LAiewVS3jZfQ,eWKZyDPXdkhrT8v8XD2OrQ,Health & Medical,Nevada
1,Xj0O2l0bp633ebmG468aZw,CgokdlhixbejFxM4mTea-g,Health & Medical,Nevada
2,eKUGKQRE-Ywi5dY55_zChg,eWKZyDPXdkhrT8v8XD2OrQ,Health & Medical,Nevada
3,8DEyKVyplnOcSKx39vatbg,kV1VVT4ScYuZoXHAhWcDkg,Health & Medical,Nevada
4,rt3PC7WCgCKsoufmQJELfw,5rxJpTkeJa5rxMvL2NbSnQ,Health & Medical,Nevada
5,53bZ_EsXH71L7iFs5MP9_w,eWKZyDPXdkhrT8v8XD2OrQ,Health & Medical,Nevada
6,dIIKEfOgo0KqUfGQvGikPg,rkRYZq3ztIc1IEJ_FzpZsg,Health & Medical,Nevada
7,GpgBEengSGt1SDH67ATF8Q,hT0GT8ce9RAwSplyWQdVdg,Health & Medical,Nevada
8,BlKCEQcc03mNdLA1pVG-XQ,mvM_bCqtOhtNTQvaRRu0tw,Health & Medical,Nevada
9,8qtsJtmefjJZIFM6_Ksd7A,eWKZyDPXdkhrT8v8XD2OrQ,Health & Medical,Nevada
0,,,Health & Medical,New Hampshire
1,,,Health & Medical,New Hampshire
2,,,Health & Medical,New Hampshire
3,,,Health & Medical,New Hampshire
4,,,Health & Medical,New Hampshire
5,,,Health & Medical,New Hampshire
6,,,Health & Medical,New Hampshire
7,,,Health & Medical,New Hampshire
8,,,Health & Medical,New Hampshire
9,,,Health & Medical,New Hampshire
0,,,Health & Medical,New Jersey
1,,,Health & Medical,New Jersey
2,,,Health & Medical,New Jersey
3,,,Health & Medical,New Jersey
4,,,Health & Medical,New Jersey
5,,,Health & Medical,New Jersey
6,,,Health & Medical,New Jersey
7,,,Health & Medical,New Jersey
8,,,Health & Medical,New Jersey
9,,,Health & Medical,New Jersey
0,,,Health & Medical,New Mexico
1,,,Health & Medical,New Mexico
2,,,Health & Medical,New Mexico
3,,,Health & Medical,New Mexico
4,,,Health & Medical,New Mexico
5,,,Health & Medical,New Mexico
6,,,Health & Medical,New Mexico
7,,,Health & Medical,New Mexico
8,,,Health & Medical,New Mexico
9,,,Health & Medical,New Mexico
0,,,Health & Medical,New York
1,,,Health & Medical,New York
2,,,Health & Medical,New York
3,,,Health & Medical,New York
4,,,Health & Medical,New York
5,,,Health & Medical,New York
6,,,Health & Medical,New York
7,,,Health & Medical,New York
8,,,Health & Medical,New York
9,,,Health & Medical,New York
0,62GNFh5FySkA3MbrQmnqvg,0P4xGPPcnJ6xi7lRqlP8Eg,Health & Medical,North Carolina
1,DXh8yxwZCg5Ckj5kmDvKXw,rTwDesPNbL-Qde8pUfRcPg,Health & Medical,North Carolina
2,2HchhLgGj16aITZGVy0hqA,UOFTGqJ95xQxeYndG7hbbw,Health & Medical,North Carolina
3,hWDybu_KvYLSdEFzGrniTw,8sX2Qb-_hUK6I3h4LjxDfg,Health & Medical,North Carolina
4,Reuq65EOFI938Yg8xgff9g,Dz4Y964X4ZJvydJPXPBmrg,Health & Medical,North Carolina
5,_uqIpl5tzucKuIlZZPBZRw,0ZTMA0VS-SWnD_BGoIfP3A,Health & Medical,North Carolina
6,qlC607Cyp0Mj91vDFvkp3Q,Nh5lFw2MLYBYxO1SzhsLqA,Health & Medical,North Carolina
7,EyaluppfmU_oI5pb2jF1TQ,XR0CnU02Jt9-f6i6FdSkcw,Health & Medical,North Carolina
8,53QaFbmZojYK0vv3RQagcw,qmUOSh1eNbnT1fvQVOuHcQ,Health & Medical,North Carolina
9,W3W6ywndgEOM4mf_DgCb5g,T1Xo1X1gStL-1cTgJUVmNw,Health & Medical,North Carolina
0,,,Health & Medical,North Dakota
1,,,Health & Medical,North Dakota
2,,,Health & Medical,North Dakota
3,,,Health & Medical,North Dakota
4,,,Health & Medical,North Dakota
5,,,Health & Medical,North Dakota
6,,,Health & Medical,North Dakota
7,,,Health & Medical,North Dakota
8,,,Health & Medical,North Dakota
9,,,Health & Medical,North Dakota
0,XYSDrIef7g4Gmp3lNFVO6A,RcKf9YwEcCdHJfo1uRHjyQ,Health & Medical,Ohio
1,HUmClClluKP5Ur6X7e306Q,RN1tSFQ8VQgv3Sd-fy3CEA,Health & Medical,Ohio
2,60IVUw1Rfzz-IE7EiAoUEw,vQzULD6W4kZk9AIrEb-d4w,Health & Medical,Ohio
3,s4O8baEyijx68SOrz668rg,lic0ngeNGI13VYAavp1LDA,Health & Medical,Ohio
4,H_-K6erSJYtzg3ZEvOg3EQ,EzCQZSXKlqgnsoMIuu7LyA,Health & Medical,Ohio
5,NfU0zDaTMEQ4-X9dbQWd9A,AFtg0RUKzOhupg75hwpwuQ,Health & Medical,Ohio
6,JUlMVyJQ6ijHCdMjs8bGhw,JHPq9KvMuJaC7CPATSYeew,Health & Medical,Ohio
7,nOr3_aq60yivqgcso_iDMw,fCFXHH4uiOOro_F_i0jeiA,Health & Medical,Ohio
8,3Uv0dGI2IXJb2OUj8R2GJA,3Wq2yT3elctAjDqb8kMraQ,Health & Medical,Ohio
9,cJ-ujlCWP0i1UZXSH7F3gg,iu6kjgDD_nHYMsef5oKYcg,Health & Medical,Ohio
0,,,Health & Medical,Oklahoma
1,,,Health & Medical,Oklahoma
2,,,Health & Medical,Oklahoma
3,,,Health & Medical,Oklahoma
4,,,Health & Medical,Oklahoma
5,,,Health & Medical,Oklahoma
6,,,Health & Medical,Oklahoma
7,,,Health & Medical,Oklahoma
8,,,Health & Medical,Oklahoma
9,,,Health & Medical,Oklahoma
0,,,Health & Medical,Oregon
1,,,Health & Medical,Oregon
2,,,Health & Medical,Oregon
3,,,Health & Medical,Oregon
4,,,Health & Medical,Oregon
5,,,Health & Medical,Oregon
6,,,Health & Medical,Oregon
7,,,Health & Medical,Oregon
8,,,Health & Medical,Oregon
9,,,Health & Medical,Oregon
0,VHdY6oG2JPVNjihWhOooAQ,oxxcmHKPb7jqVP15zC0j5w,Health & Medical,Pennsylvania
1,InDrrRvQ9f732YGPX4Ixmg,JKXR_z4ww-d5QeeYRCwibw,Health & Medical,Pennsylvania
2,HEPfqAH6ObF36Fp1B9Fi1Q,Pnt5-rYgLTJPViCwab_2GQ,Health & Medical,Pennsylvania
3,lxt4LomsbAjBvk5POhDTEw,KmD1KSjXOGhJFFdhWuvq9A,Health & Medical,Pennsylvania
4,UBsLObCOSI5Sb0G2W8nqIg,qGHpCDLL3DFtAytDhn80Pg,Health & Medical,Pennsylvania
5,rnfgjemszUlQx6U_-PO63w,X3p5eJS76zEeIfPt4SOADA,Health & Medical,Pennsylvania
6,yaBIVHDxaUBN2YHQ8-YiuQ,JKXR_z4ww-d5QeeYRCwibw,Health & Medical,Pennsylvania
7,X0X3hiKv5CigUec1XYi_pg,z_IKNghnlqZWUgkyU9liIw,Health & Medical,Pennsylvania
8,Ytjon2aVUm09CMdfGJxZYg,ceQE2ktRVBnQsaT5aeOAeA,Health & Medical,Pennsylvania
9,#NAME?,Waw0muz4HTVBMqRmRk2f_w,Health & Medical,Pennsylvania
0,,,Health & Medical,Rhode Island
1,,,Health & Medical,Rhode Island
2,,,Health & Medical,Rhode Island
3,,,Health & Medical,Rhode Island
4,,,Health & Medical,Rhode Island
5,,,Health & Medical,Rhode Island
6,,,Health & Medical,Rhode Island
7,,,Health & Medical,Rhode Island
8,,,Health & Medical,Rhode Island
9,,,Health & Medical,Rhode Island
0,VbfaQcyRqSZ0rGvhgg-3Fw,bHMcWQxUR-41kfEtDRTz0w,Health & Medical,South Carolina
1,qjYXOBnladFYhciGBSgAMw,RSTitmG9qW4LYXQBfNNqpQ,Health & Medical,South Carolina
2,s4cki7AiOrOjb5r-ZpbJUw,Fv3bQyHs3EJrlyq_a5mh1A,Health & Medical,South Carolina
3,Ox0Nic-2-6pb7V4jyi9iFA,_T_OehlhqKO-pwimW54p6w,Health & Medical,South Carolina
4,htzxDWzRt4Xd7UGy4t0yAw,47mT4gCYbRjOpgVqTUc49w,Health & Medical,South Carolina
5,EtBYV4tWrKH6jR0RCwV_JA,3wDQ4Z65nJqqXI_lVi3xbA,Health & Medical,South Carolina
6,v2PkGI7MjkmyRzht2bMWQw,dZwKydTLIQoOt46xTyCDOQ,Health & Medical,South Carolina
7,j2Hd4aM8XYnYOyhS0ZCNww,9Mihbdu84mcRg-XvkOLZ9g,Health & Medical,South Carolina
8,rejdO1V12C2ZIyEv_Evysg,ktUvM-g8pLFbXiJoXrHOmA,Health & Medical,South Carolina
9,M3ncFIlEfaSdSpoiMINwBA,iF-yQo8lR74B6QNwLvjLww,Health & Medical,South Carolina
0,,,Health & Medical,South Dakota
1,,,Health & Medical,South Dakota
2,,,Health & Medical,South Dakota
3,,,Health & Medical,South Dakota
4,,,Health & Medical,South Dakota
5,,,Health & Medical,South Dakota
6,,,Health & Medical,South Dakota
7,,,Health & Medical,South Dakota
8,,,Health & Medical,South Dakota
9,,,Health & Medical,South Dakota
0,,,Health & Medical,Tennessee
1,,,Health & Medical,Tennessee
2,,,Health & Medical,Tennessee
3,,,Health & Medical,Tennessee
4,,,Health & Medical,Tennessee
5,,,Health & Medical,Tennessee
6,,,Health & Medical,Tennessee
7,,,Health & Medical,Tennessee
8,,,Health & Medical,Tennessee
9,,,Health & Medical,Tennessee
0,,,Health & Medical,Texas
1,,,Health & Medical,Texas
2,,,Health & Medical,Texas
3,,,Health & Medical,Texas
4,,,Health & Medical,Texas
5,,,Health & Medical,Texas
6,,,Health & Medical,Texas
7,,,Health & Medical,Texas
8,,,Health & Medical,Texas
9,,,Health & Medical,Texas
0,,,Health & Medical,Utah
1,,,Health & Medical,Utah
2,,,Health & Medical,Utah
3,,,Health & Medical,Utah
4,,,Health & Medical,Utah
5,,,Health & Medical,Utah
6,,,Health & Medical,Utah
7,,,Health & Medical,Utah
8,,,Health & Medical,Utah
9,,,Health & Medical,Utah
0,,,Health & Medical,Vermont
1,,,Health & Medical,Vermont
2,,,Health & Medical,Vermont
3,,,Health & Medical,Vermont
4,,,Health & Medical,Vermont
5,,,Health & Medical,Vermont
6,,,Health & Medical,Vermont
7,,,Health & Medical,Vermont
8,,,Health & Medical,Vermont
9,,,Health & Medical,Vermont
0,,,Health & Medical,Virginia
1,,,Health & Medical,Virginia
2,,,Health & Medical,Virginia
3,,,Health & Medical,Virginia
4,,,Health & Medical,Virginia
5,,,Health & Medical,Virginia
6,,,Health & Medical,Virginia
7,,,Health & Medical,Virginia
8,,,Health & Medical,Virginia
9,,,Health & Medical,Virginia
0,s5mTRiTBOaAw-5YWf7Ui_g,Hq64gtF-ug1mFBRpji5yqQ,Health & Medical,Washington
1,3dXsFv6aAYnVPPuUkvCa8g,Hq64gtF-ug1mFBRpji5yqQ,Health & Medical,Washington
2,dlRHsiihE-clURQMB_q8TA,Hq64gtF-ug1mFBRpji5yqQ,Health & Medical,Washington
3,O0bOIlVWVcg9MKy83ojgkQ,Hq64gtF-ug1mFBRpji5yqQ,Health & Medical,Washington
4,,,Health & Medical,Washington
5,,,Health & Medical,Washington
6,,,Health & Medical,Washington
7,,,Health & Medical,Washington
8,,,Health & Medical,Washington
9,,,Health & Medical,Washington
0,,,Health & Medical,West Virginia
1,,,Health & Medical,West Virginia
2,,,Health & Medical,West Virginia
3,,,Health & Medical,West Virginia
4,,,Health & Medical,West Virginia
5,,,Health & Medical,West Virginia
6,,,Health & Medical,West Virginia
7,,,Health & Medical,West Virginia
8,,,Health & Medical,West Virginia
9,,,Health & Medical,West Virginia
0,3LC2sKfvz_nWuJquUDsNnw,ny0AwrA3vjo3ZpYeRLJfqg,Health & Medical,Wisconsin
1,Jtq_pKd7GVbXvFY8YU8kmw,T4QrbPGt_9HWbMqhxJ0OeA,Health & Medical,Wisconsin
2,hd-S4mtrPY9Q6iuBJegnOQ,bHF_7tP6cyOqnyU4Xm0gEQ,Health & Medical,Wisconsin
3,nT3tLANzGy0a7DuB_GIQjA,quDJejS81zZM3Vmvyz8fBQ,Health & Medical,Wisconsin
4,itmb9uAolzQnmEBDlV24qQ,rB4HYopnht0Z4IVRmLGvBQ,Health & Medical,Wisconsin
5,LAsOaowycjpyCenm1IUi_g,n-zlESQPc59T174Mp9cMPQ,Health & Medical,Wisconsin
6,fJ_qSZH_akvWzHUPMqab1g,U84_5kUbyoX622ywmEVUKg,Health & Medical,Wisconsin
7,s_Dg0gNZmh-Vc6yLQ34_lw,UlV-rgCJ9FJqD-RKj3wx5A,Health & Medical,Wisconsin
8,5oM7gXmeX7s6T1_KlL30yQ,aNOZxz80w0fv4mYLB2VXfA,Health & Medical,Wisconsin
9,JUT0U3HTSB3kz9Wh7N0GqA,A_eABcl0LTts73RNo2Np2Q,Health & Medical,Wisconsin
0,,,Health & Medical,Wyoming
1,,,Health & Medical,Wyoming
2,,,Health & Medical,Wyoming
3,,,Health & Medical,Wyoming
4,,,Health & Medical,Wyoming
5,,,Health & Medical,Wyoming
6,,,Health & Medical,Wyoming
7,,,Health & Medical,Wyoming
8,,,Health & Medical,Wyoming
9,,,Health & Medical,Wyoming
0,nJNkRqYOWSohCyd_CrVkbQ,Rl6NhS6S-Vv-HuGlQUVvRQ,Beauty & Spa,Alabama
1,LBYfP1qhGVScjzDR_5x4XQ,NgoZE6tLOJ9bNhnMJV__Ug,Beauty & Spa,Alabama
2,szwtYEFdA9WXoXS2g9D3Gg,rYDpPUhZJUvtUg3UciwvWg,Beauty & Spa,Alabama
3,Fw7Bk2ZI4jLXVJ5SRKtzvg,Ee2DS4MOZcixS_U2mZUkCA,Beauty & Spa,Alabama
4,N_R_Ur1JtkSMihO29DH4TA,Ee2DS4MOZcixS_U2mZUkCA,Beauty & Spa,Alabama
5,OzO1caVsj98B4PYCLwiX7Q,vKDI9qLe1z_B4nbUwh7oNA,Beauty & Spa,Alabama
6,V3Dt4BX_hhxGodgjgKrRAQ,Ee2DS4MOZcixS_U2mZUkCA,Beauty & Spa,Alabama
7,20hdoa7IP_dVfEfNqrjOQA,v-UFbCrbC8X7r3VaK5B-1Q,Beauty & Spa,Alabama
8,aNJj9893BPyBd_Mtmc0Uhw,Ee2DS4MOZcixS_U2mZUkCA,Beauty & Spa,Alabama
9,PItkcuoLf2o-fUYglh_cJw,Ee2DS4MOZcixS_U2mZUkCA,Beauty & Spa,Alabama
0,,,Beauty & Spa,Alaska
1,,,Beauty & Spa,Alaska
2,,,Beauty & Spa,Alaska
3,,,Beauty & Spa,Alaska
4,,,Beauty & Spa,Alaska
5,,,Beauty & Spa,Alaska
6,,,Beauty & Spa,Alaska
7,,,Beauty & Spa,Alaska
8,,,Beauty & Spa,Alaska
9,,,Beauty & Spa,Alaska
0,nkN_do3fJ9xekchVC-v68A,thBWpIcP6vclsHS6GfI1dw,Beauty & Spa,Arizona
1,om5ZiponkpRqUNa3pVPiRg,thBWpIcP6vclsHS6GfI1dw,Beauty & Spa,Arizona
2,gjhzKWsqCIrpEd9pevbKZw,thBWpIcP6vclsHS6GfI1dw,Beauty & Spa,Arizona
3,G5LXEaxhQMF_BVjNHkVr7g,thBWpIcP6vclsHS6GfI1dw,Beauty & Spa,Arizona
4,ysCBsXWPB-LAiewVS3jZfQ,6kkxRV8H9SQLybj0xnEbMw,Beauty & Spa,Arizona
5,5MCBLBxr10NLUKZ4AboAMg,6Pk9PJOD7EWd1tv3lk0ajA,Beauty & Spa,Arizona
6,m07sy7eLtOjVdZ8oN9JKag,v9u0NgjA4iQeKGevFnYSCA,Beauty & Spa,Arizona
7,Xj0O2l0bp633ebmG468aZw,p0iEUamJVp_QpaheE-Nz_g,Beauty & Spa,Arizona
8,UQFE3BT1rsIYrcDvu_XVow,dEi4_bO8ydNHgcRNKV8q6g,Beauty & Spa,Arizona
9,dIIKEfOgo0KqUfGQvGikPg,vZaCTy1k35_Mi82Fsg9dkQ,Beauty & Spa,Arizona
0,,,Beauty & Spa,Arkansas
1,,,Beauty & Spa,Arkansas
2,,,Beauty & Spa,Arkansas
3,,,Beauty & Spa,Arkansas
4,,,Beauty & Spa,Arkansas
5,,,Beauty & Spa,Arkansas
6,,,Beauty & Spa,Arkansas
7,,,Beauty & Spa,Arkansas
8,,,Beauty & Spa,Arkansas
9,,,Beauty & Spa,Arkansas
0,nQx3nKOEqr0lqpL0RIMO6g,jYnEPopX6gLlkoIRnWX7VQ,Beauty & Spa,California
1,TdiS_KhV5av_m3nujACn7A,jYnEPopX6gLlkoIRnWX7VQ,Beauty & Spa,California
2,zYsQB7ErPFVPMWBtvjzPHA,jYnEPopX6gLlkoIRnWX7VQ,Beauty & Spa,California
3,,,Beauty & Spa,California
4,,,Beauty & Spa,California
5,,,Beauty & Spa,California
6,,,Beauty & Spa,California
7,,,Beauty & Spa,California
8,,,Beauty & Spa,California
9,,,Beauty & Spa,California
0,,,Beauty & Spa,Colorado
1,,,Beauty & Spa,Colorado
2,,,Beauty & Spa,Colorado
3,,,Beauty & Spa,Colorado
4,,,Beauty & Spa,Colorado
5,,,Beauty & Spa,Colorado
6,,,Beauty & Spa,Colorado
7,,,Beauty & Spa,Colorado
8,,,Beauty & Spa,Colorado
9,,,Beauty & Spa,Colorado
0,,,Beauty & Spa,Connecticut
1,,,Beauty & Spa,Connecticut
2,,,Beauty & Spa,Connecticut
3,,,Beauty & Spa,Connecticut
4,,,Beauty & Spa,Connecticut
5,,,Beauty & Spa,Connecticut
6,,,Beauty & Spa,Connecticut
7,,,Beauty & Spa,Connecticut
8,,,Beauty & Spa,Connecticut
9,,,Beauty & Spa,Connecticut
0,,,Beauty & Spa,Washington District of Columbia
1,,,Beauty & Spa,Washington District of Columbia
2,,,Beauty & Spa,Washington District of Columbia
3,,,Beauty & Spa,Washington District of Columbia
4,,,Beauty & Spa,Washington District of Columbia
5,,,Beauty & Spa,Washington District of Columbia
6,,,Beauty & Spa,Washington District of Columbia
7,,,Beauty & Spa,Washington District of Columbia
8,,,Beauty & Spa,Washington District of Columbia
9,,,Beauty & Spa,Washington District of Columbia
0,,,Beauty & Spa,Delaware
1,,,Beauty & Spa,Delaware
2,,,Beauty & Spa,Delaware
3,,,Beauty & Spa,Delaware
4,,,Beauty & Spa,Delaware
5,,,Beauty & Spa,Delaware
6,,,Beauty & Spa,Delaware
7,,,Beauty & Spa,Delaware
8,,,Beauty & Spa,Delaware
9,,,Beauty & Spa,Delaware
0,,,Beauty & Spa,Florida
1,,,Beauty & Spa,Florida
2,,,Beauty & Spa,Florida
3,,,Beauty & Spa,Florida
4,,,Beauty & Spa,Florida
5,,,Beauty & Spa,Florida
6,,,Beauty & Spa,Florida
7,,,Beauty & Spa,Florida
8,,,Beauty & Spa,Florida
9,,,Beauty & Spa,Florida
0,,,Beauty & Spa,Georgia
1,,,Beauty & Spa,Georgia
2,,,Beauty & Spa,Georgia
3,,,Beauty & Spa,Georgia
4,,,Beauty & Spa,Georgia
5,,,Beauty & Spa,Georgia
6,,,Beauty & Spa,Georgia
7,,,Beauty & Spa,Georgia
8,,,Beauty & Spa,Georgia
9,,,Beauty & Spa,Georgia
0,,,Beauty & Spa,Hawaii
1,,,Beauty & Spa,Hawaii
2,,,Beauty & Spa,Hawaii
3,,,Beauty & Spa,Hawaii
4,,,Beauty & Spa,Hawaii
5,,,Beauty & Spa,Hawaii
6,,,Beauty & Spa,Hawaii
7,,,Beauty & Spa,Hawaii
8,,,Beauty & Spa,Hawaii
9,,,Beauty & Spa,Hawaii
0,,,Beauty & Spa,Idaho
1,,,Beauty & Spa,Idaho
2,,,Beauty & Spa,Idaho
3,,,Beauty & Spa,Idaho
4,,,Beauty & Spa,Idaho
5,,,Beauty & Spa,Idaho
6,,,Beauty & Spa,Idaho
7,,,Beauty & Spa,Idaho
8,,,Beauty & Spa,Idaho
9,,,Beauty & Spa,Idaho
0,XYSDrIef7g4Gmp3lNFVO6A,WYw3Uf56DT5IwpaLNnCH5Q,Beauty & Spa,Illinois
1,Ev55kUL77kZk6xCYam5www,ZjSzUWHtnpCfjsa7CksSOg,Beauty & Spa,Illinois
2,pFRE2mNCQvx9DUU542c6Dw,a9KUNRphQVLeCsC3RAEQPA,Beauty & Spa,Illinois
3,qntQp9UoeP6ju8D_W0Y0cw,9qnlmW_Az2itTy0fmoE-7Q,Beauty & Spa,Illinois
4,iSqAA0keruU-ZZro7jW0zQ,9qnlmW_Az2itTy0fmoE-7Q,Beauty & Spa,Illinois
5,qmjoMFMZdLH69_6eGTGDZw,FzVANX7N-FQbUZNfKhFJSg,Beauty & Spa,Illinois
6,2-iZ3lifB5gGWcpP6EgCCw,ChjKd6HgLKmUAQnsrpDSBA,Beauty & Spa,Illinois
7,D-wB7VhTwSwQo4A73lQuBA,_ZRBWnsYHLBqs10N2i9Fnw,Beauty & Spa,Illinois
8,weCeiXxZBhBY5mX9y6jS1A,6kkxRV8H9SQLybj0xnEbMw,Beauty & Spa,Illinois
9,B8WruADju0mx5FlkLfYYfw,5bfPGu1YTNyb2w9QriysfQ,Beauty & Spa,Illinois
0,,,Beauty & Spa,Indiana
1,,,Beauty & Spa,Indiana
2,,,Beauty & Spa,Indiana
3,,,Beauty & Spa,Indiana
4,,,Beauty & Spa,Indiana
5,,,Beauty & Spa,Indiana
6,,,Beauty & Spa,Indiana
7,,,Beauty & Spa,Indiana
8,,,Beauty & Spa,Indiana
9,,,Beauty & Spa,Indiana
0,,,Beauty & Spa,Iowa
1,,,Beauty & Spa,Iowa
2,,,Beauty & Spa,Iowa
3,,,Beauty & Spa,Iowa
4,,,Beauty & Spa,Iowa
5,,,Beauty & Spa,Iowa
6,,,Beauty & Spa,Iowa
7,,,Beauty & Spa,Iowa
8,,,Beauty & Spa,Iowa
9,,,Beauty & Spa,Iowa
0,,,Beauty & Spa,Kansas
1,,,Beauty & Spa,Kansas
2,,,Beauty & Spa,Kansas
3,,,Beauty & Spa,Kansas
4,,,Beauty & Spa,Kansas
5,,,Beauty & Spa,Kansas
6,,,Beauty & Spa,Kansas
7,,,Beauty & Spa,Kansas
8,,,Beauty & Spa,Kansas
9,,,Beauty & Spa,Kansas
0,,,Beauty & Spa,Kentucky
1,,,Beauty & Spa,Kentucky
2,,,Beauty & Spa,Kentucky
3,,,Beauty & Spa,Kentucky
4,,,Beauty & Spa,Kentucky
5,,,Beauty & Spa,Kentucky
6,,,Beauty & Spa,Kentucky
7,,,Beauty & Spa,Kentucky
8,,,Beauty & Spa,Kentucky
9,,,Beauty & Spa,Kentucky
0,,,Beauty & Spa,Louisiana
1,,,Beauty & Spa,Louisiana
2,,,Beauty & Spa,Louisiana
3,,,Beauty & Spa,Louisiana
4,,,Beauty & Spa,Louisiana
5,,,Beauty & Spa,Louisiana
6,,,Beauty & Spa,Louisiana
7,,,Beauty & Spa,Louisiana
8,,,Beauty & Spa,Louisiana
9,,,Beauty & Spa,Louisiana
0,,,Beauty & Spa,Maine
1,,,Beauty & Spa,Maine
2,,,Beauty & Spa,Maine
3,,,Beauty & Spa,Maine
4,,,Beauty & Spa,Maine
5,,,Beauty & Spa,Maine
6,,,Beauty & Spa,Maine
7,,,Beauty & Spa,Maine
8,,,Beauty & Spa,Maine
9,,,Beauty & Spa,Maine
0,,,Beauty & Spa,Maryland
1,,,Beauty & Spa,Maryland
2,,,Beauty & Spa,Maryland
3,,,Beauty & Spa,Maryland
4,,,Beauty & Spa,Maryland
5,,,Beauty & Spa,Maryland
6,,,Beauty & Spa,Maryland
7,,,Beauty & Spa,Maryland
8,,,Beauty & Spa,Maryland
9,,,Beauty & Spa,Maryland
0,,,Beauty & Spa,Massachusetts
1,,,Beauty & Spa,Massachusetts
2,,,Beauty & Spa,Massachusetts
3,,,Beauty & Spa,Massachusetts
4,,,Beauty & Spa,Massachusetts
5,,,Beauty & Spa,Massachusetts
6,,,Beauty & Spa,Massachusetts
7,,,Beauty & Spa,Massachusetts
8,,,Beauty & Spa,Massachusetts
9,,,Beauty & Spa,Massachusetts
0,,,Beauty & Spa,Michigan
1,,,Beauty & Spa,Michigan
2,,,Beauty & Spa,Michigan
3,,,Beauty & Spa,Michigan
4,,,Beauty & Spa,Michigan
5,,,Beauty & Spa,Michigan
6,,,Beauty & Spa,Michigan
7,,,Beauty & Spa,Michigan
8,,,Beauty & Spa,Michigan
9,,,Beauty & Spa,Michigan
0,,,Beauty & Spa,Minnesota
1,,,Beauty & Spa,Minnesota
2,,,Beauty & Spa,Minnesota
3,,,Beauty & Spa,Minnesota
4,,,Beauty & Spa,Minnesota
5,,,Beauty & Spa,Minnesota
6,,,Beauty & Spa,Minnesota
7,,,Beauty & Spa,Minnesota
8,,,Beauty & Spa,Minnesota
9,,,Beauty & Spa,Minnesota
0,,,Beauty & Spa,Mississippi
1,,,Beauty & Spa,Mississippi
2,,,Beauty & Spa,Mississippi
3,,,Beauty & Spa,Mississippi
4,,,Beauty & Spa,Mississippi
5,,,Beauty & Spa,Mississippi
6,,,Beauty & Spa,Mississippi
7,,,Beauty & Spa,Mississippi
8,,,Beauty & Spa,Mississippi
9,,,Beauty & Spa,Mississippi
0,,,Beauty & Spa,Missouri
1,,,Beauty & Spa,Missouri
2,,,Beauty & Spa,Missouri
3,,,Beauty & Spa,Missouri
4,,,Beauty & Spa,Missouri
5,,,Beauty & Spa,Missouri
6,,,Beauty & Spa,Missouri
7,,,Beauty & Spa,Missouri
8,,,Beauty & Spa,Missouri
9,,,Beauty & Spa,Missouri
0,,,Beauty & Spa,Montana
1,,,Beauty & Spa,Montana
2,,,Beauty & Spa,Montana
3,,,Beauty & Spa,Montana
4,,,Beauty & Spa,Montana
5,,,Beauty & Spa,Montana
6,,,Beauty & Spa,Montana
7,,,Beauty & Spa,Montana
8,,,Beauty & Spa,Montana
9,,,Beauty & Spa,Montana
0,,,Beauty & Spa,Nebraska
1,,,Beauty & Spa,Nebraska
2,,,Beauty & Spa,Nebraska
3,,,Beauty & Spa,Nebraska
4,,,Beauty & Spa,Nebraska
5,,,Beauty & Spa,Nebraska
6,,,Beauty & Spa,Nebraska
7,,,Beauty & Spa,Nebraska
8,,,Beauty & Spa,Nebraska
9,,,Beauty & Spa,Nebraska
0,6s-g2vFu12OemhiK3FJuOQ,RhEvP5flF6KoPriMHmVYGg,Beauty & Spa,Nevada
1,VHdY6oG2JPVNjihWhOooAQ,1xO2LvScpcMfl2BNm1aISg,Beauty & Spa,Nevada
2,nkN_do3fJ9xekchVC-v68A,thBWpIcP6vclsHS6GfI1dw,Beauty & Spa,Nevada
3,ysCBsXWPB-LAiewVS3jZfQ,6kkxRV8H9SQLybj0xnEbMw,Beauty & Spa,Nevada
4,nzsv-p1O8gCfP3XijfQrIw,0JZYzp5Z8tEbVr0N2MaLdw,Beauty & Spa,Nevada
5,ITa3vh5ERI90G_WP4SmGUQ,p0iEUamJVp_QpaheE-Nz_g,Beauty & Spa,Nevada
6,Xj0O2l0bp633ebmG468aZw,p0iEUamJVp_QpaheE-Nz_g,Beauty & Spa,Nevada
7,HYQoxBC1y1DGPq6pGP09Tw,XwV2-lISDp_5Acy72bA8Qg,Beauty & Spa,Nevada
8,eKUGKQRE-Ywi5dY55_zChg,RS0czUn_o_jEjh-_0Pou_A,Beauty & Spa,Nevada
9,8DEyKVyplnOcSKx39vatbg,kV1VVT4ScYuZoXHAhWcDkg,Beauty & Spa,Nevada
0,,,Beauty & Spa,New Hampshire
1,,,Beauty & Spa,New Hampshire
2,,,Beauty & Spa,New Hampshire
3,,,Beauty & Spa,New Hampshire
4,,,Beauty & Spa,New Hampshire
5,,,Beauty & Spa,New Hampshire
6,,,Beauty & Spa,New Hampshire
7,,,Beauty & Spa,New Hampshire
8,,,Beauty & Spa,New Hampshire
9,,,Beauty & Spa,New Hampshire
0,,,Beauty & Spa,New Jersey
1,,,Beauty & Spa,New Jersey
2,,,Beauty & Spa,New Jersey
3,,,Beauty & Spa,New Jersey
4,,,Beauty & Spa,New Jersey
5,,,Beauty & Spa,New Jersey
6,,,Beauty & Spa,New Jersey
7,,,Beauty & Spa,New Jersey
8,,,Beauty & Spa,New Jersey
9,,,Beauty & Spa,New Jersey
0,,,Beauty & Spa,New Mexico
1,,,Beauty & Spa,New Mexico
2,,,Beauty & Spa,New Mexico
3,,,Beauty & Spa,New Mexico
4,,,Beauty & Spa,New Mexico
5,,,Beauty & Spa,New Mexico
6,,,Beauty & Spa,New Mexico
7,,,Beauty & Spa,New Mexico
8,,,Beauty & Spa,New Mexico
9,,,Beauty & Spa,New Mexico
0,,,Beauty & Spa,New York
1,,,Beauty & Spa,New York
2,,,Beauty & Spa,New York
3,,,Beauty & Spa,New York
4,,,Beauty & Spa,New York
5,,,Beauty & Spa,New York
6,,,Beauty & Spa,New York
7,,,Beauty & Spa,New York
8,,,Beauty & Spa,New York
9,,,Beauty & Spa,New York
0,dIIKEfOgo0KqUfGQvGikPg,vZaCTy1k35_Mi82Fsg9dkQ,Beauty & Spa,North Carolina
1,8qtsJtmefjJZIFM6_Ksd7A,eWKZyDPXdkhrT8v8XD2OrQ,Beauty & Spa,North Carolina
2,ET8n-r7glWYqZhuR6GcdNw,AaI_qHIe30fu8XCQqL2V3w,Beauty & Spa,North Carolina
3,M9rRM6Eo5YbKLKMG5QiIPA,ZCAhOtaExSCVQhmEuxpWJw,Beauty & Spa,North Carolina
4,6ivd2u_gj1f42Ep5WKue4Q,xXzGPEk3OWiQ1Q9oaH9CqQ,Beauty & Spa,North Carolina
5,ya3mbvTaymecfrTc08SxhQ,ONqFnJJuLC3yPIV-esaItw,Beauty & Spa,North Carolina
6,YIyGnPWNA7rb3hiIgFwb_A,ez8-4FCNiTGXdy2Gokyufg,Beauty & Spa,North Carolina
7,c3_AdjAlMy4EJYQhuXADgA,MG07yEyXeZ1LNxXx_dNrXg,Beauty & Spa,North Carolina
8,62GNFh5FySkA3MbrQmnqvg,jRg8z1BHlfhLysvWQtCvDw,Beauty & Spa,North Carolina
9,5gbkhlWANGVzQYi_0m3vOQ,2qVpn3K0ev1o0erKRtojLg,Beauty & Spa,North Carolina
0,,,Beauty & Spa,North Dakota
1,,,Beauty & Spa,North Dakota
2,,,Beauty & Spa,North Dakota
3,,,Beauty & Spa,North Dakota
4,,,Beauty & Spa,North Dakota
5,,,Beauty & Spa,North Dakota
6,,,Beauty & Spa,North Dakota
7,,,Beauty & Spa,North Dakota
8,,,Beauty & Spa,North Dakota
9,,,Beauty & Spa,North Dakota
0,XYSDrIef7g4Gmp3lNFVO6A,WYw3Uf56DT5IwpaLNnCH5Q,Beauty & Spa,Ohio
1,To0GTLW5MGZwOg5TxxZIQA,IjEX9xqyfmF79Np5CZoFyQ,Beauty & Spa,Ohio
2,1tPEHTzNoPVOksewNF137A,0KpYCRIuo_kEZCW7fjQf7w,Beauty & Spa,Ohio
3,RlXfOTtpgTfcisRmukrGbw,lxsXOZNKoKPwXgkigdWPng,Beauty & Spa,Ohio
4,DCnqvmdvbu04hTAv7DX-Mw,Vr8IDPmTZ7SbnsKy6pV3PA,Beauty & Spa,Ohio
5,H_-K6erSJYtzg3ZEvOg3EQ,SRt0CmrwIaWWuDkt0Lla4A,Beauty & Spa,Ohio
6,vD65y5E3Az3bFc6UW4G1eA,0KpYCRIuo_kEZCW7fjQf7w,Beauty & Spa,Ohio
7,lxt4LomsbAjBvk5POhDTEw,FrQ-ibgyStNevDtit9WT0w,Beauty & Spa,Ohio
8,NfU0zDaTMEQ4-X9dbQWd9A,FrQ-ibgyStNevDtit9WT0w,Beauty & Spa,Ohio
9,KnIDkn0LAhcAhykDfQQgUQ,6u7cbF7IsyB4mSO6xiJReQ,Beauty & Spa,Ohio
0,,,Beauty & Spa,Oklahoma
1,,,Beauty & Spa,Oklahoma
2,,,Beauty & Spa,Oklahoma
3,,,Beauty & Spa,Oklahoma
4,,,Beauty & Spa,Oklahoma
5,,,Beauty & Spa,Oklahoma
6,,,Beauty & Spa,Oklahoma
7,,,Beauty & Spa,Oklahoma
8,,,Beauty & Spa,Oklahoma
9,,,Beauty & Spa,Oklahoma
0,,,Beauty & Spa,Oregon
1,,,Beauty & Spa,Oregon
2,,,Beauty & Spa,Oregon
3,,,Beauty & Spa,Oregon
4,,,Beauty & Spa,Oregon
5,,,Beauty & Spa,Oregon
6,,,Beauty & Spa,Oregon
7,,,Beauty & Spa,Oregon
8,,,Beauty & Spa,Oregon
9,,,Beauty & Spa,Oregon
0,VHdY6oG2JPVNjihWhOooAQ,1xO2LvScpcMfl2BNm1aISg,Beauty & Spa,Pennsylvania
1,hcZqq-a16ZTjaM2p2MljTg,3Y1aarSNp2KVCDS3r1EXpw,Beauty & Spa,Pennsylvania
2,6a-782Y5FXqJ7KGmQtJsSQ,eYrzpAsJIpwxM1Wpf39a2A,Beauty & Spa,Pennsylvania
3,ybJkYYEBvFGVb-or4i9_oA,hjFlC7rBrnxmVcBeIB79IA,Beauty & Spa,Pennsylvania
4,JcnZGx0dNLgsmkBcZj8oWQ,MGCNbzOP48LrWwUW75uWLA,Beauty & Spa,Pennsylvania
5,InDrrRvQ9f732YGPX4Ixmg,Dw5dcdd_gVFUJuUTxpE3Fg,Beauty & Spa,Pennsylvania
6,sBkm5dZgoZXBNb5W6YQj7Q,HpqHmIE9KJqaUZadF-Cb2w,Beauty & Spa,Pennsylvania
7,HEPfqAH6ObF36Fp1B9Fi1Q,Pnt5-rYgLTJPViCwab_2GQ,Beauty & Spa,Pennsylvania
8,2wzBYj-J0xQ2RWD46cDI5w,kndbBzewQjENp_mH6QoVBA,Beauty & Spa,Pennsylvania
9,sv5K9wQ04MqxtvytKXORFw,moKGjFnMQYtfQkkSAL_uPg,Beauty & Spa,Pennsylvania
0,,,Beauty & Spa,Rhode Island
1,,,Beauty & Spa,Rhode Island
2,,,Beauty & Spa,Rhode Island
3,,,Beauty & Spa,Rhode Island
4,,,Beauty & Spa,Rhode Island
5,,,Beauty & Spa,Rhode Island
6,,,Beauty & Spa,Rhode Island
7,,,Beauty & Spa,Rhode Island
8,,,Beauty & Spa,Rhode Island
9,,,Beauty & Spa,Rhode Island
0,hWDybu_KvYLSdEFzGrniTw,fkWBe3DIlkcKRFghhcMaWg,Beauty & Spa,South Carolina
1,rv9d5TcnnxuOCX7ole_Clg,hNe-alEQGInbZnBytnO2sQ,Beauty & Spa,South Carolina
2,aDApcTFMWehnSXgbg49TPQ,9yWAkHkUd-tx0BdgoWyM6A,Beauty & Spa,South Carolina
3,s4cki7AiOrOjb5r-ZpbJUw,Fv3bQyHs3EJrlyq_a5mh1A,Beauty & Spa,South Carolina
4,#NAME?,xUYZzyhyJLdeiHk30cJQRw,Beauty & Spa,South Carolina
5,cyuDrrG5eEK-TZI867MUPA,tnBFCkfWPM8FVGkR3bYxyA,Beauty & Spa,South Carolina
6,r-zUIQPaHzvIyL93wQaoiQ,8fei_-487aPy1RSD1AA6pg,Beauty & Spa,South Carolina
7,hXQHu4Isp1wZYO6A-I0zQg,II-vMV6s9Ke6l9V7jJ8uAA,Beauty & Spa,South Carolina
8,QmethzRyAvZXS9m1UNJpdw,dl1LSBTrOv3xxGSrIeH0hw,Beauty & Spa,South Carolina
9,NEPtb8p3nyQkkap0DZ0__g,rd9WXRAIey8IkLUn-MG06w,Beauty & Spa,South Carolina
0,,,Beauty & Spa,South Dakota
1,,,Beauty & Spa,South Dakota
2,,,Beauty & Spa,South Dakota
3,,,Beauty & Spa,South Dakota
4,,,Beauty & Spa,South Dakota
5,,,Beauty & Spa,South Dakota
6,,,Beauty & Spa,South Dakota
7,,,Beauty & Spa,South Dakota
8,,,Beauty & Spa,South Dakota
9,,,Beauty & Spa,South Dakota
0,,,Beauty & Spa,Tennessee
1,,,Beauty & Spa,Tennessee
2,,,Beauty & Spa,Tennessee
3,,,Beauty & Spa,Tennessee
4,,,Beauty & Spa,Tennessee
5,,,Beauty & Spa,Tennessee
6,,,Beauty & Spa,Tennessee
7,,,Beauty & Spa,Tennessee
8,,,Beauty & Spa,Tennessee
9,,,Beauty & Spa,Tennessee
0,,,Beauty & Spa,Texas
1,,,Beauty & Spa,Texas
2,,,Beauty & Spa,Texas
3,,,Beauty & Spa,Texas
4,,,Beauty & Spa,Texas
5,,,Beauty & Spa,Texas
6,,,Beauty & Spa,Texas
7,,,Beauty & Spa,Texas
8,,,Beauty & Spa,Texas
9,,,Beauty & Spa,Texas
0,,,Beauty & Spa,Utah
1,,,Beauty & Spa,Utah
2,,,Beauty & Spa,Utah
3,,,Beauty & Spa,Utah
4,,,Beauty & Spa,Utah
5,,,Beauty & Spa,Utah
6,,,Beauty & Spa,Utah
7,,,Beauty & Spa,Utah
8,,,Beauty & Spa,Utah
9,,,Beauty & Spa,Utah
0,,,Beauty & Spa,Vermont
1,,,Beauty & Spa,Vermont
2,,,Beauty & Spa,Vermont
3,,,Beauty & Spa,Vermont
4,,,Beauty & Spa,Vermont
5,,,Beauty & Spa,Vermont
6,,,Beauty & Spa,Vermont
7,,,Beauty & Spa,Vermont
8,,,Beauty & Spa,Vermont
9,,,Beauty & Spa,Vermont
0,,,Beauty & Spa,Virginia
1,,,Beauty & Spa,Virginia
2,,,Beauty & Spa,Virginia
3,,,Beauty & Spa,Virginia
4,,,Beauty & Spa,Virginia
5,,,Beauty & Spa,Virginia
6,,,Beauty & Spa,Virginia
7,,,Beauty & Spa,Virginia
8,,,Beauty & Spa,Virginia
9,,,Beauty & Spa,Virginia
0,s5mTRiTBOaAw-5YWf7Ui_g,Hq64gtF-ug1mFBRpji5yqQ,Beauty & Spa,Washington
1,3dXsFv6aAYnVPPuUkvCa8g,Hq64gtF-ug1mFBRpji5yqQ,Beauty & Spa,Washington
2,dlRHsiihE-clURQMB_q8TA,Hq64gtF-ug1mFBRpji5yqQ,Beauty & Spa,Washington
3,O0bOIlVWVcg9MKy83ojgkQ,Hq64gtF-ug1mFBRpji5yqQ,Beauty & Spa,Washington
4,,,Beauty & Spa,Washington
5,,,Beauty & Spa,Washington
6,,,Beauty & Spa,Washington
7,,,Beauty & Spa,Washington
8,,,Beauty & Spa,Washington
9,,,Beauty & Spa,Washington
0,,,Beauty & Spa,West Virginia
1,,,Beauty & Spa,West Virginia
2,,,Beauty & Spa,West Virginia
3,,,Beauty & Spa,West Virginia
4,,,Beauty & Spa,West Virginia
5,,,Beauty & Spa,West Virginia
6,,,Beauty & Spa,West Virginia
7,,,Beauty & Spa,West Virginia
8,,,Beauty & Spa,West Virginia
9,,,Beauty & Spa,West Virginia
0,g2pjJLw2362ne09i2xjgoQ,K0NuLbwC3MW2Ygkro69iAQ,Beauty & Spa,Wisconsin
1,6PEIKIibsT3NkG1THRfJPg,DqxHicf794TU74xNkR0FkA,Beauty & Spa,Wisconsin
2,xQLy_wpqrR3etSXt61OIIg,QJLP4Yk0kTdXOpq9bxQMOQ,Beauty & Spa,Wisconsin
3,AVfwXXqM9KOi_rZ_ALxxoQ,br19XpHNLqMuMp1kObb7pg,Beauty & Spa,Wisconsin
4,bGzQELylOfNPi_XpitxPTQ,zSzklX7tkTv4Xa6SBMReDA,Beauty & Spa,Wisconsin
5,nT3tLANzGy0a7DuB_GIQjA,rwbqcHXxWHBZu4wUbKSVgA,Beauty & Spa,Wisconsin
6,djp57omz9cccV1wI0_sqqA,cX2Pux_AC7fxkcY5Cd1eBw,Beauty & Spa,Wisconsin
7,q91tQNboB-0HWtM8cXRjdg,RraXYnmTq31GbpaLSUEWTw,Beauty & Spa,Wisconsin
8,oedIFmYQViZ9F2F-dvDNMg,HXpEE31lphu3DiKf6XQ9lA,Beauty & Spa,Wisconsin
9,p5cl1onC4dMDcp3EF30EUA,HXpEE31lphu3DiKf6XQ9lA,Beauty & Spa,Wisconsin
0,,,Beauty & Spa,Wyoming
1,,,Beauty & Spa,Wyoming
2,,,Beauty & Spa,Wyoming
3,,,Beauty & Spa,Wyoming
4,,,Beauty & Spa,Wyoming
5,,,Beauty & Spa,Wyoming
6,,,Beauty & Spa,Wyoming
7,,,Beauty & Spa,Wyoming
8,,,Beauty & Spa,Wyoming
9,,,Beauty & Spa,Wyoming
