1,Restaurants,Fast Food,9,Chinese,9,Nightlife,9,6s-g2vFu12OemhiK3FJuOQ
2,Restaurants,Argentine,1,Seafood,1,Latin American,1,JjXuiru1_ONzDkYVrHN0aw
4,Restaurants,Bars,7,Nightlife,7,American (Traditional),2,VHdY6oG2JPVNjihWhOooAQ
5,Restaurants,American (Traditional),6,Coffee & Tea,4,Breakfast & Brunch,4,nkN_do3fJ9xekchVC-v68A
6,Restaurants,Breakfast & Brunch,16,American (New),15,Bars,11,om5ZiponkpRqUNa3pVPiRg
7,Restaurants,Coffee & Tea,23,Breakfast & Brunch,18,Sandwiches,12,gjhzKWsqCIrpEd9pevbKZw
8,Restaurants,Bars,5,Nightlife,5,Diners,3,iLjMdZi0Tm7DQxX1C1_2dg
9,Restaurants,American (Traditional),6,American (New),5,Steakhouses,4,G5LXEaxhQMF_BVjNHkVr7g
10,Restaurants,American (Traditional),20,Bars,14,Nightlife,14,ysCBsXWPB-LAiewVS3jZfQ
11,Restaurants,Breakfast & Brunch,4,American (New),3,Canadian (New),3,q_QQ5kBBwlCcbL1s4NVK3g
12,Restaurants,Chinese,23,Bakeries,17,Desserts,13,nzsv-p1O8gCfP3XijfQrIw
13,Restaurants,Coffee & Tea,12,Bars,7,Nightlife,7,5MCBLBxr10NLUKZ4AboAMg
14,Restaurants,American (New),16,Sandwiches,11,American (Traditional),8,m07sy7eLtOjVdZ8oN9JKag
15,Restaurants,American (Traditional),13,Bakeries,11,Nightlife,10,5F_ASUSCHFf3YotkKioZ5w
16,Restaurants,Nightlife,21,Bars,21,American (New),13,ITa3vh5ERI90G_WP4SmGUQ
17,Restaurants,Chinese,7,Desserts,5,American (Traditional),5,8Aq_UdlsrjhBwGWb_U-xRA
20,Restaurants,American (New),19,Breakfast & Brunch,15,Nightlife,13,Xj0O2l0bp633ebmG468aZw
21,Restaurants,Nightlife,21,Bars,19,American (New),16,UQFE3BT1rsIYrcDvu_XVow
22,Restaurants,Nightlife,4,Bars,4,Breakfast & Brunch,4,wEE-YMx5pmSuagLtNxMPKA
23,Restaurants,American (Traditional),8,Arts & Entertainment,6,Breakfast & Brunch,6,HYQoxBC1y1DGPq6pGP09Tw
24,Restaurants,Steakhouses,10,Desserts,9,Seafood,7,eKUGKQRE-Ywi5dY55_zChg
25,Restaurants,Nightlife,107,Bars,103,American (New),74,8DEyKVyplnOcSKx39vatbg
26,Restaurants,Japanese,60,Nightlife,58,Bars,57,rt3PC7WCgCKsoufmQJELfw
27,Restaurants,Bakeries,2,Japanese,1,Mediterranean,1,P5bUL3Engv-2z6kKohB6qQ
28,Restaurants,Burgers,2,Fast Food,1,Diners,1,1xJwMqmvVXPwY7yEVQIc-A
29,Restaurants,Nightlife,19,Bars,16,American (New),10,Pf7FI0OukC_CEcCz0ZxoUw
30,Restaurants,American (New),49,Nightlife,46,Bars,45,53bZ_EsXH71L7iFs5MP9_w
31,Restaurants,Specialty Food,13,Desserts,12,Breakfast & Brunch,8,8h1r7mXd-H225yDgc4EMPg
32,Restaurants,Pizza,3,Asian Fusion,2,Caterers,2,seAX967Wk8qiVXOYjbregg
33,Restaurants,Breakfast & Brunch,153,American (New),141,Sandwiches,123,dIIKEfOgo0KqUfGQvGikPg
34,Restaurants,Italian,7,American (New),7,Desserts,6,2hMNc8G87MGYw4PomxT8AQ
35,Restaurants,Nightlife,13,Bars,13,American (Traditional),9,jX52sZoojxyYV2viWNyO7A
36,Restaurants,Nightlife,8,Bars,8,American (Traditional),6,_cUtxCvCccwgNJzD5I0cDA
37,Restaurants,Breakfast & Brunch,6,Bars,4,Nightlife,4,hcZqq-a16ZTjaM2p2MljTg
38,Restaurants,American (Traditional),6,Nightlife,6,Bars,6,XCW5pJCDhvlW76XTSUEkIg
39,Restaurants,Breakfast & Brunch,2,Cafes,1,American (Traditional),1,h7cX02YMLzyobfZ7E-mg-Q
40,Restaurants,Breakfast & Brunch,10,American (Traditional),10,Burgers,10,lufa4bHQd3XLYQE1zXis0g
41,Restaurants,Desserts,16,American (New),9,Sandwiches,8,GpgBEengSGt1SDH67ATF8Q
42,Restaurants,Mediterranean,2,Vegetarian,2,Nightlife,2,Ffa1cXIvFAy8H1sorICaiQ
43,Restaurants,Vietnamese,1,Noodles,1,French,1,_BcWyKQL16ndpBdggh2kNA
44,Restaurants,Nightlife,7,Bars,7,American (Traditional),5,BlKCEQcc03mNdLA1pVG-XQ
45,Restaurants,Nightlife,10,Bars,9,American (Traditional),9,8qtsJtmefjJZIFM6_Ksd7A
46,Restaurants,American (Traditional),13,Nightlife,12,Bars,11,igaoaFNkX7ieMuyUBg0u5w
47,Restaurants,American (Traditional),6,Breweries,4,American (New),4,DecNq9BYtMwHhgdnPNGbVQ
48,Restaurants,Cafes,4,Nightlife,4,Bars,4,YbZg36FoMgkKcTEPae5siA
49,Restaurants,American (Traditional),9,Fast Food,5,Burgers,5,fyS8H0BNDv5du_X7ttUEqQ
50,Restaurants,Sandwiches,8,American (Traditional),8,Beer,7,UsXqCXRZwSCSw0AT7y1uBg
51,Restaurants,American (New),37,Bars,29,Nightlife,29,w-w-k-QXosIKQ8HQVwU6IQ
52,Restaurants,American (New),20,Nightlife,16,Bars,14,fgwI3rYHOv1ipfVfCSx7pg
53,Restaurants,Coffee & Tea,36,American (Traditional),29,American (New),26,XYSDrIef7g4Gmp3lNFVO6A
54,Restaurants,French,6,Bakeries,6,Breakfast & Brunch,5,XHuNSjrPA3Vyi7n4iVhZaQ
55,Restaurants,Breakfast & Brunch,25,American (New),24,Nightlife,20,ACUVZ4SiN0gni7dzVDm9EQ
56,Restaurants,Buffets,1,Vegetarian,1,Gluten-Free,1,g2pjJLw2362ne09i2xjgoQ
57,Restaurants,American (New),12,Bars,11,Nightlife,11,IDl8QswIXwI6Fr6KW3TbRw
58,Restaurants,Coffee & Tea,66,Breakfast & Brunch,63,Sandwiches,54,QuZbJquRtbY9O9JrB9NpxQ
59,Restaurants,Breakfast & Brunch,35,Sandwiches,29,Mexican,26,rMsB82tk9uOB6JumPMgczg
60,Restaurants,Thai,1,Coffee & Tea,1,,0,6a-782Y5FXqJ7KGmQtJsSQ
61,Restaurants,Coffee & Tea,29,Bakeries,16,Sandwiches,14,37HswRimgBEf7_US-c3CDA
62,Restaurants,Fast Food,2,Burgers,2,Mexican,2,vWxQvbuUVMMvn6zvfNxVZg
63,Restaurants,Nightlife,30,Bars,29,Breakfast & Brunch,18,ZYZNcugF3xUEGyLOVGiZ0Q
64,Restaurants,American (Traditional),6,Nightlife,3,Bars,3,4rg-rTjYpnEjNOqi-ej4RA
65,Restaurants,Bars,23,Nightlife,23,American (New),20,ET8n-r7glWYqZhuR6GcdNw
66,Restaurants,Chinese,15,Desserts,13,Mexican,12,xceJT1G2Yhel3W2lRxRTDA
67,Restaurants,Filipino,8,Arts & Entertainment,6,American (New),5,m3qH3d97shbvSCtmUrpDFA
68,Restaurants,Coffee & Tea,6,Desserts,4,Specialty Food,4,s2c7-9bqMhjA8POuKIHm8g
69,Restaurants,Event Planning & Services,4,Breakfast & Brunch,3,Italian,3,U9yWtQO_0LPjtaU9jN0JsA
70,Restaurants,Nightlife,13,Bars,13,Breakfast & Brunch,13,HZ9ep6UdCW0TmTTAfjzYxg
71,Restaurants,Salad,3,Soup,3,Fast Food,3,NZba-Q-Fp10iF77CTQt24Q
72,Restaurants,Pizza,2,Burgers,2,Nightlife,2,WslBIvrC1ezr4VAvPMEyMA
73,Restaurants,American (Traditional),16,American (New),12,Breakfast & Brunch,9,ybJkYYEBvFGVb-or4i9_oA
74,Restaurants,American (New),2,Breweries,2,Bars,2,6PEIKIibsT3NkG1THRfJPg
75,Restaurants,Breakfast & Brunch,136,American (New),125,Nightlife,117,M9rRM6Eo5YbKLKMG5QiIPA
76,Restaurants,Buffets,1,Breakfast & Brunch,1,American (Traditional),1,w8flMOM04LfF0175Stp3AA
77,Restaurants,American (Traditional),1,Seafood,1,American (New),1,SDURW9xVesI7-Yl9naeEog
78,Restaurants,American (Traditional),6,Breakfast & Brunch,6,American (New),5,WaqPitgrhpepyvFo2jcUBQ
79,Restaurants,Bars,10,Nightlife,10,Sandwiches,10,1zyE713RTVjBoO55_XjZiA
80,Restaurants,Nightlife,35,Bars,35,American (New),31,kcLuh-ck_Zj07TsodaaNUA
81,Restaurants,Nightlife,40,Bars,40,American (New),32,PcPminF0bIUsKjUh9e4DMQ
82,Restaurants,Italian,3,Nightlife,3,Bars,3,6ivd2u_gj1f42Ep5WKue4Q
83,Restaurants,American (New),3,Breakfast & Brunch,3,Pizza,2,KVehpTNCERwMGAx-h9MR-A
84,Restaurants,Southern,2,American (Traditional),2,Bakeries,2,LdWIjNvjdaAoAfpQhT6F9w
85,Restaurants,Breakfast & Brunch,3,Coffee & Tea,3,American (New),3,JcnZGx0dNLgsmkBcZj8oWQ
86,Restaurants,Coffee & Tea,10,Nightlife,7,Bars,7,0Igx-a1wAstiBDerGxXk2A
87,Restaurants,Pizza,9,Italian,9,Bars,8,3LC2sKfvz_nWuJquUDsNnw
88,Restaurants,American (New),3,Nightlife,3,Steakhouses,3,S05NY_oZqxAVlS2OLkHmNQ
89,Restaurants,American (New),8,Nightlife,6,Seafood,5,eigZw_Tn4TWJPSZ9UO9Auw
90,Restaurants,Nightlife,12,Bars,12,Pizza,7,ya3mbvTaymecfrTc08SxhQ
91,Restaurants,American (New),3,Breakfast & Brunch,3,American (Traditional),3,YIyGnPWNA7rb3hiIgFwb_A
92,Restaurants,Nightlife,58,Bars,55,American (New),32,c3_AdjAlMy4EJYQhuXADgA
93,Restaurants,American (Traditional),137,Nightlife,119,Bars,113,62GNFh5FySkA3MbrQmnqvg
94,Restaurants,American (New),8,Grocery,5,Specialty Food,5,Pstaq3a0m58jBDkoT5HtOw
95,Restaurants,Event Planning & Services,3,Caterers,3,Food Trucks,2,To0GTLW5MGZwOg5TxxZIQA
96,Restaurants,Chinese,7,Dim Sum,5,Bakeries,4,syvwUKQJ4OYfmL_ixVLMeQ
97,Restaurants,Specialty Food,10,American (Traditional),9,Coffee & Tea,9,xQLy_wpqrR3etSXt61OIIg
98,Restaurants,Nightlife,13,Bars,13,Cocktail Bars,9,InDrrRvQ9f732YGPX4Ixmg
100,Restaurants,Nightlife,5,Breweries,5,Bars,4,AVfwXXqM9KOi_rZ_ALxxoQ
101,Restaurants,Nightlife,34,Bars,33,American (New),24,5gbkhlWANGVzQYi_0m3vOQ
102,Restaurants,American (New),2,Breweries,2,Bars,2,zWGj3oOA_X8QPho_l5BRKg
103,Restaurants,Nightlife,19,Bars,19,American (New),19,Jtq_pKd7GVbXvFY8YU8kmw
104,Restaurants,American (Traditional),6,American (New),6,Event Planning & Services,5,ynRkJSonX8Unc5-uk3cw1w
105,Restaurants,American (Traditional),3,Grocery,3,Pharmacy,2,nnwBdqGHIAJQ5QX9lHOtrQ
106,Restaurants,Bars,4,Nightlife,4,Desserts,4,HUmClClluKP5Ur6X7e306Q
107,Restaurants,Nightlife,54,Bars,51,American (New),32,DXh8yxwZCg5Ckj5kmDvKXw
108,Restaurants,Bars,4,Nightlife,4,American (Traditional),4,sBkm5dZgoZXBNb5W6YQj7Q
109,Restaurants,American (New),3,Chinese,3,Sushi Bars,3,HEPfqAH6ObF36Fp1B9Fi1Q
110,Restaurants,Coffee & Tea,5,Salad,2,Bakeries,2,k_muz40jJaiY1PVga6NDXA
111,Restaurants,American (New),9,American (Traditional),7,Nightlife,7,tPufvUuxXLJOMYQ7gzsMVA
112,Restaurants,Nightlife,9,Bars,8,American (New),5,NvUeb5G_mSSxgKhEE_Hueg
113,Restaurants,Nightlife,31,Bars,30,Breakfast & Brunch,21,bGzQELylOfNPi_XpitxPTQ
114,Restaurants,Grocery,7,Delis,4,Bakeries,4,RlXfOTtpgTfcisRmukrGbw
115,Restaurants,Specialty Food,14,Italian,12,Grocery,8,2wzBYj-J0xQ2RWD46cDI5w
116,Restaurants,Breakfast & Brunch,9,Bars,7,Nightlife,7,WN3FQ5lNz5q8FFbeH42OxQ
117,Restaurants,Breakfast & Brunch,27,Nightlife,25,American (Traditional),25,hd-S4mtrPY9Q6iuBJegnOQ
118,Restaurants,Nightlife,19,Bars,18,American (New),18,2HchhLgGj16aITZGVy0hqA
119,Restaurants,Breakfast & Brunch,7,Bars,5,Nightlife,5,jj0t-2qLGl2g_odLBjxKOw
120,Restaurants,Nightlife,14,Bars,14,Italian,11,PjYaEnWRFB7uogiAeaXQQA
121,Restaurants,American (Traditional),26,Sandwiches,14,Chinese,14,60IVUw1Rfzz-IE7EiAoUEw
122,Restaurants,Breakfast & Brunch,116,Sandwiches,109,American (Traditional),108,hWDybu_KvYLSdEFzGrniTw
123,Restaurants,Nightlife,41,Bars,37,American (New),32,TYCkjEHPSJSnFb6m6GDluw
124,Restaurants,Nightlife,25,Bars,25,Breakfast & Brunch,18,nT3tLANzGy0a7DuB_GIQjA
125,Restaurants,Coffee & Tea,2,Breakfast & Brunch,2,American (Traditional),1,B5RcWUztezeNkW-_ujqViQ
126,Restaurants,Specialty Food,2,Breakfast & Brunch,2,American (New),2,DCnqvmdvbu04hTAv7DX-Mw
127,Restaurants,Bars,12,Nightlife,12,American (New),11,5WBIwR92ZNVmsG7bRaxHKw
128,Restaurants,Sandwiches,4,Buffets,4,Ice Cream & Frozen Yogurt,2,s4O8baEyijx68SOrz668rg
129,Restaurants,Nightlife,4,Bars,4,French,4,98v_f4MQhbAK-SKeSATEEg
130,Restaurants,Bars,10,Nightlife,10,American (New),8,djp57omz9cccV1wI0_sqqA
131,Restaurants,Nightlife,9,Bars,9,American (New),7,p3heVCnq3M0H2LMxIuuc5g
132,Restaurants,Nightlife,15,Bars,14,American (Traditional),13,JlD8asiXfY1CoGy3VHFRlA
133,Restaurants,Mexican,8,Sandwiches,7,Nightlife,6,TLdMXf2gt9Am9LOLL_T2FQ
134,Restaurants,Nightlife,7,Bars,7,Specialty Food,6,IcdxwCBX6rNHwlcFJEVVtQ
135,Restaurants,Coffee & Tea,2,Vegan,2,Vegetarian,2,MMHVt1xtlD4xJWOMPtX2OA
136,Restaurants,Nightlife,81,Bars,80,American (Traditional),55,H_-K6erSJYtzg3ZEvOg3EQ
137,Restaurants,Sandwiches,4,American (New),4,Japanese,2,vD65y5E3Az3bFc6UW4G1eA
138,Restaurants,American (New),63,Nightlife,61,Breakfast & Brunch,59,Reuq65EOFI938Yg8xgff9g
139,Restaurants,American (Traditional),5,Korean,3,Seafood,3,sv5K9wQ04MqxtvytKXORFw
140,Restaurants,American (New),12,Nightlife,10,Bars,10,lxt4LomsbAjBvk5POhDTEw
141,Restaurants,Nightlife,51,Bars,49,American (Traditional),26,q91tQNboB-0HWtM8cXRjdg
142,Restaurants,Cafes,2,Breakfast & Brunch,2,Sandwiches,2,oedIFmYQViZ9F2F-dvDNMg
143,Restaurants,Nightlife,98,Bars,97,American (New),86,NfU0zDaTMEQ4-X9dbQWd9A
144,Restaurants,American (Traditional),2,Nightlife,2,Bars,2,be8hFRSzakhqt37ojP308g
145,Restaurants,Japanese,24,Nightlife,15,Bars,14,gqpnDoFx42U5NdtejYfKOg
147,Restaurants,Bakeries,4,Sandwiches,4,Breakfast & Brunch,2,C0RonzO64B4D3o6GtcMlxg
148,Restaurants,Breakfast & Brunch,4,Bars,3,Nightlife,3,UBsLObCOSI5Sb0G2W8nqIg
149,Restaurants,American (New),12,Bars,9,Nightlife,9,KnIDkn0LAhcAhykDfQQgUQ
150,Restaurants,American (New),4,Nightlife,3,Event Planning & Services,3,TA5f9rpPGllhrjhIor8jNA
152,Restaurants,Nightlife,10,Bars,8,Arts & Entertainment,5,IyIsFkVY48JWa01inv-7zA
153,Restaurants,Nightlife,86,Bars,84,American (Traditional),70,_uqIpl5tzucKuIlZZPBZRw
154,Restaurants,American (Traditional),15,Breakfast & Brunch,14,Bars,12,JUlMVyJQ6ijHCdMjs8bGhw
155,Restaurants,Nightlife,81,Bars,75,American (New),65,qlC607Cyp0Mj91vDFvkp3Q
156,Restaurants,Bars,14,Nightlife,14,Breakfast & Brunch,13,Ev55kUL77kZk6xCYam5www
157,Restaurants,Coffee & Tea,32,Breakfast & Brunch,31,Nightlife,24,EyaluppfmU_oI5pb2jF1TQ
158,Restaurants,Nightlife,8,Bars,7,American (Traditional),5,Eg1T--knapihoR2GV-Dj_w
159,Restaurants,Nightlife,86,Bars,82,American (Traditional),74,nOr3_aq60yivqgcso_iDMw
160,Restaurants,Bars,67,Nightlife,67,American (New),49,3Uv0dGI2IXJb2OUj8R2GJA
161,Restaurants,Bars,29,Nightlife,29,American (Traditional),25,53QaFbmZojYK0vv3RQagcw
162,Restaurants,American (New),12,Nightlife,8,American (Traditional),7,W3W6ywndgEOM4mf_DgCb5g
163,Restaurants,Bars,72,Nightlife,72,American (New),62,cJ-ujlCWP0i1UZXSH7F3gg
164,Restaurants,Coffee & Tea,22,American (Traditional),20,Breakfast & Brunch,19,rnfgjemszUlQx6U_-PO63w
165,Restaurants,Breakfast & Brunch,7,American (Traditional),7,American (New),6,fwSsSQXLvip6MkayAa_vyQ
166,Restaurants,Bars,8,Nightlife,8,American (New),4,itmb9uAolzQnmEBDlV24qQ
167,Restaurants,Arts & Entertainment,2,Wine Bars,2,Wineries,2,obnSWeGIYsjedPvy0_0Jag
168,Restaurants,American (New),21,Nightlife,21,Bars,20,HXOfPXPMvdXNpQ_l0RRjKw
169,Restaurants,American (New),14,Breakfast & Brunch,11,Bars,8,LAsOaowycjpyCenm1IUi_g
170,Restaurants,Nightlife,33,Bars,33,Breakfast & Brunch,24,yaBIVHDxaUBN2YHQ8-YiuQ
171,Restaurants,American (New),13,Bars,10,Nightlife,10,m8nDqQ7a3zQWfkNK1_vwnQ
172,Restaurants,Nightlife,6,Bars,5,American (New),5,tk47e3weem-fA6K9J-iH9Q
173,Restaurants,Nightlife,48,Bars,46,American (Traditional),43,X0X3hiKv5CigUec1XYi_pg
174,Restaurants,American (Traditional),15,Seafood,11,Specialty Food,11,VbfaQcyRqSZ0rGvhgg-3Fw
175,Restaurants,Bars,64,Nightlife,64,Sandwiches,53,Ytjon2aVUm09CMdfGJxZYg
176,Restaurants,Breakfast & Brunch,15,American (Traditional),13,American (New),12,AFCSE7BT3FGle35em1WWVw
177,Restaurants,Cafes,7,American (New),6,Bars,6,g42wi9bOD_WAZsro7VW6rA
178,Restaurants,Nightlife,35,Bars,33,American (Traditional),23,z_9oeZ5aN8g8AzPNENht8w
179,Restaurants,Nightlife,8,Bars,8,Pizza,8,2hii37dkKL4POcu6vh_6EA
180,Restaurants,Bars,22,Nightlife,22,American (Traditional),21,pFRE2mNCQvx9DUU542c6Dw
181,Restaurants,Nightlife,148,Bars,141,Sandwiches,116,Ry1O_KXZHGRI8g5zBR3IcQ
182,Restaurants,Bars,40,Nightlife,40,American (Traditional),22,rv9d5TcnnxuOCX7ole_Clg
183,Restaurants,Nightlife,128,Bars,121,American (Traditional),95,SlgpAnj2gQd44EM_Uq6DkQ
184,Restaurants,Breakfast & Brunch,40,American (New),33,Bars,33,fJ_qSZH_akvWzHUPMqab1g
185,Restaurants,Fast Food,23,Breakfast & Brunch,20,American (Traditional),20,qntQp9UoeP6ju8D_W0Y0cw
186,Restaurants,Nightlife,19,American (Traditional),17,Bars,16,s_Dg0gNZmh-Vc6yLQ34_lw
187,Restaurants,Nightlife,37,Bars,36,American (Traditional),20,5oM7gXmeX7s6T1_KlL30yQ
188,Restaurants,Nightlife,67,Coffee & Tea,65,Bars,61,JUT0U3HTSB3kz9Wh7N0GqA
189,Restaurants,Nightlife,77,Bars,73,American (New),71,aDYNz8cujkDdmbiOh95ANA
190,Restaurants,Nightlife,18,Bars,18,American (New),13,aDApcTFMWehnSXgbg49TPQ
191,Restaurants,American (Traditional),9,Nightlife,9,Bakeries,9,iSqAA0keruU-ZZro7jW0zQ
192,Restaurants,American (Traditional),29,Nightlife,28,Bars,27,qjYXOBnladFYhciGBSgAMw
193,Restaurants,Nightlife,45,Bars,42,Pizza,40,s4cki7AiOrOjb5r-ZpbJUw
194,Restaurants,Nightlife,53,Bars,51,Vegan,38,WBCG29Wa-amEZPnoAGqYgg
195,Restaurants,Nightlife,128,Bars,119,American (Traditional),80,vKUlUXLVylwdttu7h1_Y5Q
196,Restaurants,Ice Cream & Frozen Yogurt,4,Nightlife,2,Japanese,2,NXmp8CW4RFKAU0oNWb--wA
197,Restaurants,American (Traditional),40,Fast Food,31,Nightlife,31,qmjoMFMZdLH69_6eGTGDZw
198,Restaurants,American (Traditional),16,Coffee & Tea,16,Bars,12,xN-xoLhTHUFfTS_BMGG0xg
199,Restaurants,American (Traditional),2,Sandwiches,2,Breakfast & Brunch,1,f_evBImeOZavf8kSiabPtA
200,Restaurants,Nightlife,17,Bars,15,American (New),8,2-iZ3lifB5gGWcpP6EgCCw
201,Restaurants,American (Traditional),23,Bars,19,Nightlife,19,Ox0Nic-2-6pb7V4jyi9iFA
202,Restaurants,Nightlife,14,Bars,12,Breakfast & Brunch,11,cuVrNmt7_WtBn1uz5L_p0g
204,Restaurants,Nightlife,42,Bars,39,American (New),34,h7Qb2VZwNstP84ntwfJJZQ
205,Restaurants,Grocery,20,Breakfast & Brunch,18,American (Traditional),18,htzxDWzRt4Xd7UGy4t0yAw
206,Restaurants,Nightlife,5,Bars,5,American (Traditional),4,weCeiXxZBhBY5mX9y6jS1A
207,Restaurants,Sandwiches,29,Fast Food,24,Burgers,20,B8WruADju0mx5FlkLfYYfw
208,Restaurants,Chinese,2,Creperies,2,Pan Asian,2,4BaRBsPhITxM8GhMFhKFnw
209,Restaurants,American (New),2,Asian Fusion,2,Event Planning & Services,1,W-jxlh7yj4LQ3ETkFK2_tQ
210,Restaurants,American (New),17,Nightlife,11,Bars,11,n4tD6axYRFajkX2ESvukMw
211,Restaurants,American (Traditional),58,American (New),45,Nightlife,40,cyuDrrG5eEK-TZI867MUPA
212,Restaurants,Steakhouses,5,French,4,Specialty Food,4,XxBbmN0D74n1M_8Rc3RydA
213,Restaurants,Nightlife,47,Bars,46,American (Traditional),26,3L7nHnaeSHSdZXzV_vdvAQ
214,Restaurants,American (Traditional),2,Pizza,2,Diners,2,6S2hVlEHOdlwaRphc_8U4g
215,Restaurants,Fast Food,34,American (Traditional),30,Nightlife,28,r-zUIQPaHzvIyL93wQaoiQ
216,Restaurants,Nightlife,16,Bars,14,Grocery,13,EtBYV4tWrKH6jR0RCwV_JA
217,Restaurants,American (Traditional),27,American (New),22,Sandwiches,20,hXQHu4Isp1wZYO6A-I0zQg
218,Restaurants,Bars,2,Nightlife,2,Buffets,1,mwAGcfk2YfpWnL2uCQfCEw
219,Restaurants,Nightlife,86,Bars,81,American (New),81,QmethzRyAvZXS9m1UNJpdw
220,Restaurants,Coffee & Tea,23,Cafes,18,Bakeries,13,bUPeHBFEINhqiKj9-k4-zA
221,Restaurants,Breakfast & Brunch,4,Cafes,3,Gas Stations,2,xvgH8BtK743Kjoy0wZdFqQ
222,Restaurants,American (Traditional),10,Pizza,10,Desserts,9,NEPtb8p3nyQkkap0DZ0__g
224,Restaurants,American (Traditional),22,Burgers,17,Nightlife,14,v2PkGI7MjkmyRzht2bMWQw
225,Restaurants,Nightlife,7,Bars,6,Fast Food,3,fpYMYJowa9Levq6SszNcvA
226,Restaurants,American (Traditional),22,American (New),21,Nightlife,19,j2Hd4aM8XYnYOyhS0ZCNww
227,Restaurants,Coffee & Tea,7,Bars,4,Nightlife,4,rejdO1V12C2ZIyEv_Evysg
228,Restaurants,Breakfast & Brunch,10,American (Traditional),8,Bars,8,apwx9mVErPHhQgxFnlvcjA
231,Restaurants,Nightlife,26,Bars,23,American (New),21,-0b84SUGVN0YkG5j2MCmBw
232,Restaurants,American (Traditional),80,Breakfast & Brunch,75,Pizza,74,PcvbBOCOcs6_suRDH7TSTg
233,Restaurants,Mexican,39,Fast Food,37,American (Traditional),25,H3KluKXf1mp3etCToCJhqg
234,Restaurants,Nightlife,40,Bars,38,American (Traditional),37,M3ncFIlEfaSdSpoiMINwBA
235,Restaurants,American (New),8,Pizza,7,American (Traditional),7,y-dpL5Iun_Drej8DFGfAgg
238,Restaurants,Korean,1,Sushi Bars,1,Japanese,1,ceAThsA4RPlpHGO3N-juyA
247,Restaurants,Breakfast & Brunch,1,Donuts,1,,0,3cADFWNkeGKBsy7WO-VrBw
248,Restaurants,American (New),2,Breakfast & Brunch,2,Buffets,1,Z8x8nMD45eHO2pj5s5eaVA
254,Restaurants,Nightlife,3,Bars,3,American (New),3,xlzvOVH5RyEZHR5yl_9Uiw
257,Restaurants,Sandwiches,8,American (New),7,Cafes,6,3hjRqQPXejPJLlSVJdqoWA
262,Restaurants,Bars,2,Barbeque,2,Karaoke,2,SaFwA-O7hGWt4JCgaSKfFg
267,Restaurants,Nightlife,2,Bars,2,Fast Food,2,DZM-GYbeNzz0BSL_zM2zhQ
275,Restaurants,Nightlife,8,Bars,8,Breakfast & Brunch,7,UA_PSxcBCxWIycTPcOxzTA
280,Restaurants,Desserts,2,American (New),2,Sandwiches,2,3_x4UQmvfU-rfw716nv-hQ
283,Restaurants,Cafes,2,Pizza,2,Coffee & Tea,2,TdiS_KhV5av_m3nujACn7A
286,Restaurants,Nightlife,7,Bars,7,American (New),7,knySv4Xsnx5ifUQxk8aRqQ
289,Restaurants,Desserts,4,Asian Fusion,3,Seafood,3,LBYfP1qhGVScjzDR_5x4XQ
290,Restaurants,Seafood,1,Chinese,1,Soup,1,o7g9FHCJ7Rfdwf3UdlB1Dg
292,Restaurants,Sandwiches,13,Greek,12,Mexican,11,aSo8b495Tfjw_8Idg94Fqw
293,Restaurants,Japanese,3,Chinese,3,Brazilian,2,Fl0ikMuhlT5CdlilDrX1YQ
295,Restaurants,Japanese,5,Asian Fusion,5,Pizza,4,szwtYEFdA9WXoXS2g9D3Gg
296,Restaurants,Irish,1,Bars,1,Nightlife,1,58Hx4zzdmUd5urv23ntcGw
299,Restaurants,Fast Food,2,Burgers,1,American (Traditional),1,X4KvWGo05jwT8M4hb5uSSA
300,Restaurants,Tex-Mex,1,Vegan,1,Mexican,1,O0bOIlVWVcg9MKy83ojgkQ
301,Restaurants,Burgers,4,Mexican,3,Breakfast & Brunch,3,H74Dv2uhRcfYurTwLMTjNA
305,Restaurants,Family Practice,1,Health & Medical,1,Doctors,1,Fw7Bk2ZI4jLXVJ5SRKtzvg
307,Restaurants,Mexican,8,Fast Food,6,Salad,5,acG6sCCyWwfH4_lJ-lTgKw
311,Restaurants,Fast Food,4,Sandwiches,3,Burgers,2,Hucf3msWDa-MzTcjFzbTnQ
312,Restaurants,Bars,1,Lounges,1,Nightlife,1,nA0IUjfVQGFXWJwmY9lZhg
313,Restaurants,Irish,1,Bars,1,Nightlife,1,XU61CKUSNAozUKpf-D20Bg
315,Restaurants,Pizza,1,Italian,1,Cajun/Creole,1,zYsQB7ErPFVPMWBtvjzPHA
316,Restaurants,Do-It-Yourself Food,2,Ice Cream & Frozen Yogurt,2,Coffee & Tea,2,OzO1caVsj98B4PYCLwiX7Q
319,Restaurants,Irish,1,Bars,1,Nightlife,1,yP21ZJVzPB-1KLRfyW38CQ
320,Restaurants,Cuban,1,Event Planning & Services,1,Sandwiches,1,2SbdXb5zhr_sYvUnB_33uQ
322,Restaurants,American (Traditional),2,Seafood,1,Breakfast & Brunch,1,oT4RjuVnyOgWmDkgpnL1QA
325,Restaurants,Sandwiches,1,Breakfast & Brunch,1,Caterers,1,eJd3iIkiUiIH-8wIAT76Eg
326,Restaurants,Breakfast & Brunch,9,Japanese,7,Coffee & Tea,7,V3Dt4BX_hhxGodgjgKrRAQ
327,Restaurants,Burgers,1,American (Traditional),1,Sandwiches,1,78gZ8D1MY3ZHLtzWuFqOhA
331,Restaurants,Convenience Stores,1,Car Wash,1,Automotive,1,20hdoa7IP_dVfEfNqrjOQA
332,Restaurants,Mexican,4,Food Delivery Services,2,Salad,2,UWAJns5wCqNmM5mtWtDcNg
1,Shopping,Shopping Centers,3,Arts & Entertainment,2,Fashion,2,6s-g2vFu12OemhiK3FJuOQ
3,Shopping,Fashion,1,Women's Clothing,1,Shoe Stores,1,23J4vG9_xxxdnmi8CBX7Ng
4,Shopping,Nutritionists,1,Health & Medical,1,Health Markets,1,VHdY6oG2JPVNjihWhOooAQ
5,Shopping,Musical Instruments & Teachers,1,Musical Instrument Services,1,Local Services,1,nkN_do3fJ9xekchVC-v68A
6,Shopping,Fashion,2,Accessories,1,Maternity Wear,1,om5ZiponkpRqUNa3pVPiRg
7,Shopping,Fashion,4,Books,3,Mags,3,gjhzKWsqCIrpEd9pevbKZw
10,Shopping,Food,4,Arts & Entertainment,2,Casinos,2,ysCBsXWPB-LAiewVS3jZfQ
12,Shopping,Fashion,15,Shopping Centers,8,Women's Clothing,5,nzsv-p1O8gCfP3XijfQrIw
13,Shopping,Shoe Stores,1,Women's Clothing,1,Fashion,1,5MCBLBxr10NLUKZ4AboAMg
14,Shopping,Art Galleries,2,Museums,2,Arts & Entertainment,2,m07sy7eLtOjVdZ8oN9JKag
15,Shopping,Sporting Goods,5,Fashion,4,Flowers & Gifts,4,5F_ASUSCHFf3YotkKioZ5w
16,Shopping,Fashion,1,Department Stores,1,IT Services & Computer Repair,1,ITa3vh5ERI90G_WP4SmGUQ
17,Shopping,Accessories,1,Women's Clothing,1,Personal Shopping,1,8Aq_UdlsrjhBwGWb_U-xRA
19,Shopping,Active Life,1,Guns & Ammo,1,Sporting Goods,1,CNdJaOdUjLIceVxhWcMNRA
20,Shopping,Shopping Centers,3,Fashion,2,Hotels & Travel,2,Xj0O2l0bp633ebmG468aZw
21,Shopping,Food,1,Grocery,1,Public Markets,1,UQFE3BT1rsIYrcDvu_XVow
23,Shopping,Shopping Centers,3,Fashion,2,Restaurants,1,HYQoxBC1y1DGPq6pGP09Tw
25,Shopping,Fashion,4,Women's Clothing,3,Men's Clothing,3,8DEyKVyplnOcSKx39vatbg
26,Shopping,Fashion,8,Home & Garden,6,Furniture Stores,5,rt3PC7WCgCKsoufmQJELfw
29,Shopping,Food,2,Convenience Stores,1,Drugstores,1,Pf7FI0OukC_CEcCz0ZxoUw
30,Shopping,Fashion,42,Women's Clothing,27,Accessories,18,53bZ_EsXH71L7iFs5MP9_w
31,Shopping,Fashion,20,Women's Clothing,12,Beauty & Spas,8,8h1r7mXd-H225yDgc4EMPg
33,Shopping,Fashion,60,Women's Clothing,33,Food,20,dIIKEfOgo0KqUfGQvGikPg
34,Shopping,Fashion,7,Women's Clothing,4,Accessories,4,2hMNc8G87MGYw4PomxT8AQ
35,Shopping,Accessories,1,Shoe Stores,1,Women's Clothing,1,jX52sZoojxyYV2viWNyO7A
36,Shopping,Flowers & Gifts,3,Gift Shops,2,Home & Garden,2,_cUtxCvCccwgNJzD5I0cDA
37,Shopping,Arts & Entertainment,2,Shopping Centers,2,Fashion,1,hcZqq-a16ZTjaM2p2MljTg
38,Shopping,Food,5,Grocery,5,Drugstores,4,XCW5pJCDhvlW76XTSUEkIg
39,Shopping,Florists,1,Event Planning & Services,1,Party & Event Planning,1,h7cX02YMLzyobfZ7E-mg-Q
40,Shopping,Arts & Entertainment,3,Hotels & Travel,2,Event Planning & Services,2,lufa4bHQd3XLYQE1zXis0g
41,Shopping,Arts & Entertainment,2,Shopping Centers,2,Resorts,1,GpgBEengSGt1SDH67ATF8Q
42,Shopping,Restaurants,1,Shopping Centers,1,Fashion,1,Ffa1cXIvFAy8H1sorICaiQ
44,Shopping,Wedding Planning,1,Venues & Event Spaces,1,Event Planning & Services,1,BlKCEQcc03mNdLA1pVG-XQ
45,Shopping,Fashion,11,Shoe Stores,5,Accessories,4,8qtsJtmefjJZIFM6_Ksd7A
46,Shopping,Fashion,4,Shoe Stores,3,Women's Clothing,2,igaoaFNkX7ieMuyUBg0u5w
47,Shopping,Books,3,Mags,3,Music & Video,3,DecNq9BYtMwHhgdnPNGbVQ
48,Shopping,Books,4,Mags,4,Music & Video,4,YbZg36FoMgkKcTEPae5siA
49,Shopping,Food,3,Casinos,2,Hobby Shops,2,fyS8H0BNDv5du_X7ttUEqQ
50,Shopping,Art Galleries,4,Arts & Entertainment,4,Jewelry,3,UsXqCXRZwSCSw0AT7y1uBg
51,Shopping,Shopping Centers,10,Fashion,6,Food,6,w-w-k-QXosIKQ8HQVwU6IQ
52,Shopping,Drugstores,2,Fashion,1,Women's Clothing,1,fgwI3rYHOv1ipfVfCSx7pg
53,Shopping,Food,8,Computers,7,Drugstores,7,XYSDrIef7g4Gmp3lNFVO6A
54,Shopping,Arts & Entertainment,2,Antiques,1,Toy Stores,1,XHuNSjrPA3Vyi7n4iVhZaQ
55,Shopping,Fashion,2,Toy Stores,1,Baby Gear & Furniture,1,ACUVZ4SiN0gni7dzVDm9EQ
57,Shopping,Food,3,Arts & Entertainment,2,Computers,1,IDl8QswIXwI6Fr6KW3TbRw
58,Shopping,Food,6,Home & Garden,5,Grocery,4,QuZbJquRtbY9O9JrB9NpxQ
59,Shopping,Sporting Goods,5,Active Life,4,Flowers & Gifts,3,rMsB82tk9uOB6JumPMgczg
61,Shopping,Fashion,7,Women's Clothing,6,Jewelry,5,37HswRimgBEf7_US-c3CDA
63,Shopping,Food,2,Flowers & Gifts,2,Convenience Stores,1,ZYZNcugF3xUEGyLOVGiZ0Q
64,Shopping,Professional Sports Teams,1,Arts & Entertainment,1,Sporting Goods,1,4rg-rTjYpnEjNOqi-ej4RA
66,Shopping,Fashion,9,Home & Garden,8,Guns & Ammo,6,xceJT1G2Yhel3W2lRxRTDA
68,Shopping,Shopping Centers,1,Farmers Market,1,Specialty Food,1,s2c7-9bqMhjA8POuKIHm8g
69,Shopping,Arts & Entertainment,2,Art Galleries,2,Museums,2,U9yWtQO_0LPjtaU9jN0JsA
70,Shopping,Furniture Stores,3,Home & Garden,3,Rugs,2,HZ9ep6UdCW0TmTTAfjzYxg
71,Shopping,Jewelry,2,Cosmetics & Beauty Supply,2,Convenience Stores,2,NZba-Q-Fp10iF77CTQt24Q
72,Shopping,Sporting Goods,1,Outdoor Gear,1,Hiking,1,WslBIvrC1ezr4VAvPMEyMA
73,Shopping,Fashion,7,Women's Clothing,5,Accessories,3,ybJkYYEBvFGVb-or4i9_oA
74,Shopping,Comic Books,1,Bookstores,1,Used Bookstore,1,6PEIKIibsT3NkG1THRfJPg
75,Shopping,Food,19,Fashion,17,Home & Garden,14,M9rRM6Eo5YbKLKMG5QiIPA
76,Shopping,Pharmacy,1,Drugstores,1,Pet Services,1,w8flMOM04LfF0175Stp3AA
80,Shopping,Home & Garden,3,Home Decor,3,Furniture Stores,2,kcLuh-ck_Zj07TsodaaNUA
81,Shopping,Food,7,Fashion,6,Arts & Entertainment,6,PcPminF0bIUsKjUh9e4DMQ
82,Shopping,Shopping Centers,2,Art Galleries,1,Tours,1,6ivd2u_gj1f42Ep5WKue4Q
83,Shopping,Home Decor,1,Art Galleries,1,Arts & Entertainment,1,KVehpTNCERwMGAx-h9MR-A
84,Shopping,Food Trucks,1,Food,1,Arts & Crafts,1,LdWIjNvjdaAoAfpQhT6F9w
86,Shopping,Books,1,Mags,1,Music & Video,1,0Igx-a1wAstiBDerGxXk2A
87,Shopping,Accessories,1,Leather Goods,1,Fashion,1,3LC2sKfvz_nWuJquUDsNnw
88,Shopping,Fashion,2,Men's Clothing,2,Sporting Goods,1,S05NY_oZqxAVlS2OLkHmNQ
89,Shopping,Resorts,1,Home & Garden,1,Casinos,1,eigZw_Tn4TWJPSZ9UO9Auw
91,Shopping,Leather Goods,1,Accessories,1,Women's Clothing,1,YIyGnPWNA7rb3hiIgFwb_A
92,Shopping,Books,18,Mags,18,Music & Video,18,c3_AdjAlMy4EJYQhuXADgA
93,Shopping,Fashion,42,Department Stores,36,Home & Garden,33,62GNFh5FySkA3MbrQmnqvg
94,Shopping,Flowers & Gifts,2,Specialty Food,2,Grocery,2,Pstaq3a0m58jBDkoT5HtOw
95,Shopping,Cosmetics & Beauty Supply,1,Beauty & Spas,1,Fitness & Instruction,1,To0GTLW5MGZwOg5TxxZIQA
96,Shopping,Shopping Centers,1,Arts & Crafts,1,Cosmetics & Beauty Supply,1,syvwUKQJ4OYfmL_ixVLMeQ
97,Shopping,Home & Garden,2,Furniture Stores,1,Mattresses,1,xQLy_wpqrR3etSXt61OIIg
98,Shopping,Local Services,2,Fashion,1,Women's Clothing,1,InDrrRvQ9f732YGPX4Ixmg
100,Shopping,Food,2,Fashion,1,Shoe Stores,1,AVfwXXqM9KOi_rZ_ALxxoQ
101,Shopping,Food,5,Department Stores,4,Fashion,4,5gbkhlWANGVzQYi_0m3vOQ
102,Shopping,Interior Design,1,Home Theatre Installation,1,Arts & Entertainment,1,zWGj3oOA_X8QPho_l5BRKg
103,Shopping,Home & Garden,6,Fashion,4,Home Services,3,Jtq_pKd7GVbXvFY8YU8kmw
104,Shopping,Fashion,2,Restaurants,1,Shopping Centers,1,ynRkJSonX8Unc5-uk3cw1w
105,Shopping,Newspapers & Magazines,1,Books,1,Mags,1,nnwBdqGHIAJQ5QX9lHOtrQ
106,Shopping,Fashion,2,Sporting Goods,1,Women's Clothing,1,HUmClClluKP5Ur6X7e306Q
107,Shopping,Fashion,23,Food,15,Flowers & Gifts,11,DXh8yxwZCg5Ckj5kmDvKXw
111,Shopping,Fashion,2,Sports Wear,2,Sporting Goods,2,tPufvUuxXLJOMYQ7gzsMVA
113,Shopping,Home Services,2,Musical Instruments & Teachers,1,Lighting Fixtures & Equipment,1,bGzQELylOfNPi_XpitxPTQ
114,Shopping,Drugstores,3,Food,2,Grocery,2,RlXfOTtpgTfcisRmukrGbw
115,Shopping,Event Planning & Services,2,Wedding Planning,1,Arts & Entertainment,1,2wzBYj-J0xQ2RWD46cDI5w
116,Shopping,Religious Organizations,1,Venues & Event Spaces,1,Flowers & Gifts,1,WN3FQ5lNz5q8FFbeH42OxQ
117,Shopping,Home & Garden,6,Grocery,4,Fashion,4,hd-S4mtrPY9Q6iuBJegnOQ
118,Shopping,Leather Goods,1,Jewelry,1,Watches,1,2HchhLgGj16aITZGVy0hqA
121,Shopping,Home & Garden,4,Food,4,Grocery,3,60IVUw1Rfzz-IE7EiAoUEw
122,Shopping,Food,68,Fashion,59,Drugstores,58,hWDybu_KvYLSdEFzGrniTw
123,Shopping,Home & Garden,2,Computers,1,Electronics,1,TYCkjEHPSJSnFb6m6GDluw
124,Shopping,Home & Garden,6,Fashion,6,Used,5,nT3tLANzGy0a7DuB_GIQjA
126,Shopping,Beauty & Spas,1,Makeup Artists,1,Cosmetics & Beauty Supply,1,DCnqvmdvbu04hTAv7DX-Mw
127,Shopping,Books,1,Mags,1,Music & Video,1,5WBIwR92ZNVmsG7bRaxHKw
129,Shopping,Active Life,1,Guns & Ammo,1,Sporting Goods,1,98v_f4MQhbAK-SKeSATEEg
130,Shopping,Event Planning & Services,1,Wholesale Stores,1,Specialty Food,1,djp57omz9cccV1wI0_sqqA
131,Shopping,Flowers & Gifts,2,Food,1,Grocery,1,p3heVCnq3M0H2LMxIuuc5g
132,Shopping,Food,4,Fashion,3,Grocery,3,JlD8asiXfY1CoGy3VHFRlA
133,Shopping,Fashion,3,Sports Wear,2,Shoe Stores,2,TLdMXf2gt9Am9LOLL_T2FQ
134,Shopping,Shoe Stores,1,Women's Clothing,1,Fashion,1,IcdxwCBX6rNHwlcFJEVVtQ
136,Shopping,Fashion,19,Food,8,Department Stores,8,H_-K6erSJYtzg3ZEvOg3EQ
138,Shopping,Home & Garden,37,Fashion,31,Food,20,Reuq65EOFI938Yg8xgff9g
139,Shopping,Gift Shops,1,Flowers & Gifts,1,Florists,1,sv5K9wQ04MqxtvytKXORFw
140,Shopping,Home & Garden,12,Fashion,9,Kitchen & Bath,7,lxt4LomsbAjBvk5POhDTEw
141,Shopping,Food,5,Art Galleries,4,Arts & Entertainment,4,q91tQNboB-0HWtM8cXRjdg
142,Shopping,Fashion,1,Men's Clothing,1,Perfume,1,oedIFmYQViZ9F2F-dvDNMg
143,Shopping,Fashion,30,Home & Garden,21,Women's Clothing,14,NfU0zDaTMEQ4-X9dbQWd9A
144,Shopping,Videos & Video Game Rental,1,Books,1,Mags,1,be8hFRSzakhqt37ojP308g
145,Shopping,Flowers & Gifts,1,Gift Shops,1,Outdoor Gear,1,gqpnDoFx42U5NdtejYfKOg
146,Shopping,Home & Garden,1,Home Decor,1,Perfume,1,p5cl1onC4dMDcp3EF30EUA
149,Shopping,Fashion,2,Bridal,1,Department Stores,1,KnIDkn0LAhcAhykDfQQgUQ
150,Shopping,Resorts,1,Home & Garden,1,Casinos,1,TA5f9rpPGllhrjhIor8jNA
152,Shopping,Fashion,2,Arts & Entertainment,1,Casinos,1,IyIsFkVY48JWa01inv-7zA
153,Shopping,Fashion,8,Home & Garden,7,Furniture Stores,6,_uqIpl5tzucKuIlZZPBZRw
154,Shopping,Food,4,Flowers & Gifts,3,Grocery,2,JUlMVyJQ6ijHCdMjs8bGhw
155,Shopping,Fashion,78,Women's Clothing,45,Accessories,33,qlC607Cyp0Mj91vDFvkp3Q
156,Shopping,Fashion,6,Home & Garden,3,Food,3,Ev55kUL77kZk6xCYam5www
157,Shopping,Fashion,28,Sporting Goods,11,Women's Clothing,10,EyaluppfmU_oI5pb2jF1TQ
158,Shopping,Tobacco Shops,1,Bars,1,Nightlife,1,Eg1T--knapihoR2GV-Dj_w
159,Shopping,Fashion,11,Food,10,Home & Garden,9,nOr3_aq60yivqgcso_iDMw
160,Shopping,Food,4,Beauty & Spas,3,Cosmetics & Beauty Supply,3,3Uv0dGI2IXJb2OUj8R2GJA
161,Shopping,Food,5,Grocery,3,Flowers & Gifts,3,53QaFbmZojYK0vv3RQagcw
162,Shopping,Arts & Entertainment,2,Art Galleries,2,Flowers & Gifts,1,W3W6ywndgEOM4mf_DgCb5g
163,Shopping,Home & Garden,5,Flowers & Gifts,3,Home Services,3,cJ-ujlCWP0i1UZXSH7F3gg
164,Shopping,Fashion,17,Department Stores,13,Home & Garden,11,rnfgjemszUlQx6U_-PO63w
165,Shopping,Home & Garden,2,Embroidery & Crochet,1,Arts & Crafts,1,fwSsSQXLvip6MkayAa_vyQ
166,Shopping,Event Planning & Services,1,Wholesale Stores,1,Specialty Food,1,itmb9uAolzQnmEBDlV24qQ
168,Shopping,Fashion,7,Grocery,5,Food,5,HXOfPXPMvdXNpQ_l0RRjKw
169,Shopping,Food,1,Cooking Schools,1,Home & Garden,1,LAsOaowycjpyCenm1IUi_g
170,Shopping,Food,6,Drugstores,4,Grocery,3,yaBIVHDxaUBN2YHQ8-YiuQ
171,Shopping,Outdoor Gear,1,Active Life,1,Hotels & Travel,1,m8nDqQ7a3zQWfkNK1_vwnQ
172,Shopping,Coffee Roasteries,1,Grocery,1,Food,1,tk47e3weem-fA6K9J-iH9Q
173,Shopping,Grocery,5,Food,5,Books,4,X0X3hiKv5CigUec1XYi_pg
174,Shopping,Fashion,9,Department Stores,6,Drugstores,4,VbfaQcyRqSZ0rGvhgg-3Fw
175,Shopping,Fashion,26,Home & Garden,15,Food,12,Ytjon2aVUm09CMdfGJxZYg
176,Shopping,Department Stores,2,Grocery,2,Food,2,AFCSE7BT3FGle35em1WWVw
178,Shopping,Fashion,2,Women's Clothing,2,Art Galleries,1,z_9oeZ5aN8g8AzPNENht8w
179,Shopping,Food,5,Grocery,5,Flowers & Gifts,4,2hii37dkKL4POcu6vh_6EA
180,Shopping,Fashion,14,Home Decor,9,Home & Garden,9,pFRE2mNCQvx9DUU542c6Dw
181,Shopping,Fashion,55,Food,34,Drugstores,26,Ry1O_KXZHGRI8g5zBR3IcQ
182,Shopping,Fashion,10,Department Stores,4,Outdoor Gear,3,rv9d5TcnnxuOCX7ole_Clg
183,Shopping,Food,33,Home & Garden,28,Fashion,25,SlgpAnj2gQd44EM_Uq6DkQ
184,Shopping,Food,7,Fashion,6,Specialty Food,5,fJ_qSZH_akvWzHUPMqab1g
185,Shopping,Fashion,18,Home & Garden,15,Department Stores,14,qntQp9UoeP6ju8D_W0Y0cw
186,Shopping,Home & Garden,2,Local Services,2,Hardware Stores,1,s_Dg0gNZmh-Vc6yLQ34_lw
187,Shopping,Flowers & Gifts,4,Fashion,4,Accessories,3,5oM7gXmeX7s6T1_KlL30yQ
188,Shopping,Fashion,22,Home & Garden,19,Flowers & Gifts,12,JUT0U3HTSB3kz9Wh7N0GqA
189,Shopping,Fashion,31,Food,26,Drugstores,23,aDYNz8cujkDdmbiOh95ANA
190,Shopping,Arts & Entertainment,1,Nightlife,1,Art Galleries,1,aDApcTFMWehnSXgbg49TPQ
191,Shopping,Fashion,8,Department Stores,7,Food,7,iSqAA0keruU-ZZro7jW0zQ
192,Shopping,Fashion,36,Sporting Goods,23,Sports Wear,14,qjYXOBnladFYhciGBSgAMw
193,Shopping,Food,8,Fashion,7,Grocery,7,s4cki7AiOrOjb5r-ZpbJUw
194,Shopping,Home & Garden,2,Fashion,2,Bikes,2,WBCG29Wa-amEZPnoAGqYgg
195,Shopping,Food,13,Home & Garden,10,Flowers & Gifts,9,vKUlUXLVylwdttu7h1_Y5Q
196,Shopping,Bakeries,1,Flowers & Gifts,1,Florists,1,NXmp8CW4RFKAU0oNWb--wA
197,Shopping,Fashion,6,Drugstores,4,Food,4,qmjoMFMZdLH69_6eGTGDZw
198,Shopping,Fashion,5,Books,4,Mags,4,xN-xoLhTHUFfTS_BMGG0xg
199,Shopping,Local Services,1,Bridal,1,Sewing & Alterations,1,f_evBImeOZavf8kSiabPtA
200,Shopping,Food,2,Home & Garden,2,Home Services,2,2-iZ3lifB5gGWcpP6EgCCw
201,Shopping,Arts & Crafts,3,Fabric Stores,2,Home & Garden,2,Ox0Nic-2-6pb7V4jyi9iFA
202,Shopping,Food,4,Grocery,4,Flowers & Gifts,4,cuVrNmt7_WtBn1uz5L_p0g
204,Shopping,Food,4,Flowers & Gifts,3,Grocery,3,h7Qb2VZwNstP84ntwfJJZQ
205,Shopping,Fashion,6,Books,5,Mags,5,htzxDWzRt4Xd7UGy4t0yAw
206,Shopping,Used,1,Vintage & Consignment,1,Fashion,1,weCeiXxZBhBY5mX9y6jS1A
207,Shopping,Beauty & Spas,2,Cosmetics & Beauty Supply,2,Men's Hair Salons,2,B8WruADju0mx5FlkLfYYfw
210,Shopping,Fashion,2,Libraries,1,Kids Activities,1,n4tD6axYRFajkX2ESvukMw
211,Shopping,Home & Garden,11,Fashion,4,Hardware Stores,4,cyuDrrG5eEK-TZI867MUPA
212,Shopping,Public Markets,1,Food,1,Seafood Markets,1,XxBbmN0D74n1M_8Rc3RydA
213,Shopping,Fashion,7,Books,3,Mags,3,3L7nHnaeSHSdZXzV_vdvAQ
215,Shopping,Fashion,25,Department Stores,16,Women's Clothing,7,r-zUIQPaHzvIyL93wQaoiQ
216,Shopping,Fashion,14,Electronics,6,Drugstores,6,EtBYV4tWrKH6jR0RCwV_JA
217,Shopping,Jewelry,3,Home & Garden,3,Local Services,2,hXQHu4Isp1wZYO6A-I0zQg
219,Shopping,Fashion,4,Food,3,Restaurants,3,QmethzRyAvZXS9m1UNJpdw
220,Shopping,Food,1,Event Planning & Services,1,Caterers,1,bUPeHBFEINhqiKj9-k4-zA
222,Shopping,Fashion,9,Home & Garden,8,Department Stores,6,NEPtb8p3nyQkkap0DZ0__g
224,Shopping,Drugstores,3,Grocery,3,Food,3,v2PkGI7MjkmyRzht2bMWQw
226,Shopping,Food,2,Local Services,2,Fashion,2,j2Hd4aM8XYnYOyhS0ZCNww
228,Shopping,Local Services,4,Printing Services,3,Home & Garden,3,apwx9mVErPHhQgxFnlvcjA
230,Shopping,Hair Salons,1,Cosmetics & Beauty Supply,1,Beauty & Spas,1,6ynpX_OjeMBwBCu11p2r9w
231,Shopping,Food,1,Flowers & Gifts,1,Drugstores,1,-0b84SUGVN0YkG5j2MCmBw
232,Shopping,Fashion,29,Drugstores,22,Food,22,PcvbBOCOcs6_suRDH7TSTg
233,Shopping,Home & Garden,12,Hardware Stores,6,Drugstores,5,H3KluKXf1mp3etCToCJhqg
234,Shopping,Fashion,7,Food,5,Drugstores,4,M3ncFIlEfaSdSpoiMINwBA
235,Shopping,Fashion,3,Grocery,3,Food,3,y-dpL5Iun_Drej8DFGfAgg
236,Shopping,Home Decor,1,Arts & Crafts,1,Arts & Entertainment,1,sQ7dT01o_m2tu4gamI_4Rg
237,Shopping,Home Decor,1,Arts & Crafts,1,Arts & Entertainment,1,-85GzMKjLZgOyDCvUAikJA
238,Shopping,Home Decor,1,Arts & Crafts,1,Arts & Entertainment,1,ceAThsA4RPlpHGO3N-juyA
251,Shopping,Home Decor,1,Arts & Crafts,1,Arts & Entertainment,1,zGrgQw_EoJg4zDnoWnFb2w
252,Shopping,Printing Services,1,Photography Stores & Services,1,Local Services,1,7lrLdRT5cUuEy_7StDbsag
257,Shopping,Nutritionists,1,Health & Medical,1,Specialty Food,1,3hjRqQPXejPJLlSVJdqoWA
260,Shopping,Home Decor,1,Arts & Crafts,1,Arts & Entertainment,1,V6MUTkgdJ6OIumH0OLm3rw
272,Shopping,Local Services,2,Bike Repair/Maintenance,1,Bikes,1,NGKlW-6DMuL73uSEFJyLyw
273,Shopping,Printing Services,1,Photography Stores & Services,1,Local Services,1,IrZBI_MLdwer8GKStOP0Zg
274,Shopping,Home Decor,1,Arts & Crafts,1,Arts & Entertainment,1,2ZiJmiq3niVfkIz_KDBDfQ
276,Shopping,Home Decor,1,Arts & Crafts,1,Arts & Entertainment,1,sfV5sKQElvHq7eLwgH9O5w
280,Shopping,Department Stores,2,Fashion,2,Grocery,1,3_x4UQmvfU-rfw716nv-hQ
281,Shopping,Home Decor,1,Arts & Crafts,1,Arts & Entertainment,1,4uvMICfWfDhqEZcCqmpwgg
287,Shopping,Home Decor,1,Arts & Crafts,1,Arts & Entertainment,1,EKfgB4_bLKkzfIFAcr_D-A
289,Shopping,Cannabis Dispensaries,1,Health & Medical,1,Cannabis Clinics,1,LBYfP1qhGVScjzDR_5x4XQ
292,Shopping,Home & Garden,3,Home Services,2,Arts & Entertainment,1,aSo8b495Tfjw_8Idg94Fqw
295,Shopping,Health & Medical,2,Optometrists,1,Eyewear & Opticians,1,szwtYEFdA9WXoXS2g9D3Gg
298,Shopping,Home Decor,1,Arts & Crafts,1,Arts & Entertainment,1,tcpH_Lw1dV0XTKq_X9Ilpg
301,Shopping,Home & Garden,4,Home Services,4,Furniture Stores,2,H74Dv2uhRcfYurTwLMTjNA
311,Shopping,Fashion,2,Shoe Stores,2,Professional Services,2,Hucf3msWDa-MzTcjFzbTnQ
315,Shopping,Tattoo,1,Piercing,1,Arts & Entertainment,1,zYsQB7ErPFVPMWBtvjzPHA
316,Shopping,Beauty & Spas,1,Cosmetics & Beauty Supply,1,Hair Salons,1,OzO1caVsj98B4PYCLwiX7Q
320,Shopping,Mattresses,1,Home & Garden,1,Furniture Stores,1,2SbdXb5zhr_sYvUnB_33uQ
327,Shopping,Appliances & Repair,1,Appliances,1,Home & Garden,1,78gZ8D1MY3ZHLtzWuFqOhA
328,Shopping,Adult,1,Fashion,1,Lingerie,1,0ldPR1lbJxQz_hQ_nd4E7g
331,Shopping,Naturopathic/Holistic,1,Cannabis Collective,1,Doctors,1,20hdoa7IP_dVfEfNqrjOQA
332,Shopping,Hair Salons,1,Cosmetics & Beauty Supply,1,Beauty & Spas,1,UWAJns5wCqNmM5mtWtDcNg
336,Shopping,Beauty & Spas,1,Art Galleries,1,Arts & Entertainment,1,yUlgeMrRoxVdBii55YQ7ig
15,Home Services,Shopping,2,Movers,2,Musical Instruments & Teachers,1,5F_ASUSCHFf3YotkKioZ5w
21,Home Services,Apartments,1,Hotels,1,Event Planning & Services,1,UQFE3BT1rsIYrcDvu_XVow
25,Home Services,Real Estate,2,Plumbing,2,Contractors,2,8DEyKVyplnOcSKx39vatbg
26,Home Services,Shopping,1,Hardware Stores,1,Home & Garden,1,rt3PC7WCgCKsoufmQJELfw
30,Home Services,Hotels,1,Hotels & Travel,1,Event Planning & Services,1,53bZ_EsXH71L7iFs5MP9_w
31,Home Services,Shopping,2,Home & Garden,2,Home Decor,2,8h1r7mXd-H225yDgc4EMPg
33,Home Services,Local Services,7,Shopping,5,Real Estate,5,dIIKEfOgo0KqUfGQvGikPg
34,Home Services,Hotels,1,Hotels & Travel,1,Event Planning & Services,1,2hMNc8G87MGYw4PomxT8AQ
36,Home Services,Furniture Stores,1,Fashion,1,Used,1,_cUtxCvCccwgNJzD5I0cDA
40,Home Services,Hotels,1,Hotels & Travel,1,Event Planning & Services,1,lufa4bHQd3XLYQE1zXis0g
41,Home Services,Hotels,1,Hotels & Travel,1,Event Planning & Services,1,GpgBEengSGt1SDH67ATF8Q
46,Home Services,Hotels,1,Hotels & Travel,1,Event Planning & Services,1,igaoaFNkX7ieMuyUBg0u5w
51,Home Services,Hotels,1,Hotels & Travel,1,Event Planning & Services,1,w-w-k-QXosIKQ8HQVwU6IQ
52,Home Services,Cooking Classes,1,Building Supplies,1,Arts & Crafts,1,fgwI3rYHOv1ipfVfCSx7pg
55,Home Services,Hotels,1,Real Estate,1,Apartments,1,ACUVZ4SiN0gni7dzVDm9EQ
57,Home Services,Hotels,1,Hotels & Travel,1,Event Planning & Services,1,IDl8QswIXwI6Fr6KW3TbRw
58,Home Services,Local Services,3,Professional Services,2,Internet Service Providers,2,QuZbJquRtbY9O9JrB9NpxQ
66,Home Services,Shopping,4,Building Supplies,2,Hardware Stores,2,xceJT1G2Yhel3W2lRxRTDA
67,Home Services,Hotels,1,Real Estate,1,Event Planning & Services,1,m3qH3d97shbvSCtmUrpDFA
70,Home Services,Shopping,1,Furniture Stores,1,Home & Garden,1,HZ9ep6UdCW0TmTTAfjzYxg
75,Home Services,Real Estate,2,Shopping,1,Building Supplies,1,M9rRM6Eo5YbKLKMG5QiIPA
79,Home Services,Commercial Real Estate,1,Real Estate,1,Buffets,1,1zyE713RTVjBoO55_XjZiA
80,Home Services,Self Storage,1,Movers,1,Local Services,1,kcLuh-ck_Zj07TsodaaNUA
81,Home Services,Apartments,2,Real Estate,2,Automotive,1,PcPminF0bIUsKjUh9e4DMQ
89,Home Services,Event Planning & Services,1,Apartments,1,Hotels & Travel,1,eigZw_Tn4TWJPSZ9UO9Auw
92,Home Services,Internet Service Providers,1,Home Automation,1,Television Service Providers,1,c3_AdjAlMy4EJYQhuXADgA
93,Home Services,Contractors,7,Building Supplies,7,Home & Garden,6,62GNFh5FySkA3MbrQmnqvg
98,Home Services,Shopping,1,Local Services,1,Movers,1,InDrrRvQ9f732YGPX4Ixmg
102,Home Services,Shopping,1,Interior Design,1,Home Theatre Installation,1,zWGj3oOA_X8QPho_l5BRKg
103,Home Services,Shopping,3,Home & Garden,3,Nurseries & Gardening,2,Jtq_pKd7GVbXvFY8YU8kmw
107,Home Services,Real Estate,5,Apartments,4,Shopping,3,DXh8yxwZCg5Ckj5kmDvKXw
108,Home Services,Apartments,1,Real Estate,1,Real Estate Services,1,sBkm5dZgoZXBNb5W6YQj7Q
110,Home Services,Event Planning & Services,1,Real Estate,1,Apartments,1,k_muz40jJaiY1PVga6NDXA
113,Home Services,Shopping,2,Musical Instruments & Teachers,1,Lighting Fixtures & Equipment,1,bGzQELylOfNPi_XpitxPTQ
116,Home Services,Home Theatre Installation,1,Home & Garden,1,Lighting Fixtures & Equipment,1,WN3FQ5lNz5q8FFbeH42OxQ
117,Home Services,Professional Services,3,Shopping,2,Internet Service Providers,2,hd-S4mtrPY9Q6iuBJegnOQ
119,Home Services,Event Planning & Services,1,Hotels & Travel,1,Real Estate,1,jj0t-2qLGl2g_odLBjxKOw
121,Home Services,Shopping,3,Building Supplies,3,Home & Garden,3,60IVUw1Rfzz-IE7EiAoUEw
122,Home Services,Building Supplies,5,Shopping,4,Professional Services,3,hWDybu_KvYLSdEFzGrniTw
123,Home Services,Lighting Fixtures & Equipment,1,Shopping,1,Home & Garden,1,TYCkjEHPSJSnFb6m6GDluw
124,Home Services,Shopping,4,Home & Garden,3,Gardeners,2,nT3tLANzGy0a7DuB_GIQjA
127,Home Services,Gift Shops,1,Interior Design,1,Arts & Entertainment,1,5WBIwR92ZNVmsG7bRaxHKw
129,Home Services,Event Planning & Services,1,Apartments,1,Hotels & Travel,1,98v_f4MQhbAK-SKeSATEEg
131,Home Services,Mobile Phone Accessories,1,Electronics,1,Shopping,1,p3heVCnq3M0H2LMxIuuc5g
132,Home Services,Shopping,2,Home & Garden,2,Shades & Blinds,1,JlD8asiXfY1CoGy3VHFRlA
134,Home Services,Shopping,1,Furniture Stores,1,Jewelry,1,IcdxwCBX6rNHwlcFJEVVtQ
135,Home Services,Event Planning & Services,1,Hotels,1,Guest Houses,1,MMHVt1xtlD4xJWOMPtX2OA
136,Home Services,Real Estate,3,Local Services,2,Apartments,2,H_-K6erSJYtzg3ZEvOg3EQ
138,Home Services,Shopping,13,Home & Garden,11,Real Estate,7,Reuq65EOFI938Yg8xgff9g
140,Home Services,Contractors,3,Home Inspectors,2,Flooring,2,lxt4LomsbAjBvk5POhDTEw
143,Home Services,Event Planning & Services,2,Local Services,2,Shopping,2,NfU0zDaTMEQ4-X9dbQWd9A
145,Home Services,Real Estate,2,Property Management,1,Mortgage Brokers,1,gqpnDoFx42U5NdtejYfKOg
151,Home Services,Apartments,1,Real Estate,1,Hotels,1,Ng3pvTZJR7vXZ49hYnWzow
155,Home Services,Shopping,4,Interior Design,3,Furniture Stores,3,qlC607Cyp0Mj91vDFvkp3Q
156,Home Services,Hotels,1,Hotels & Travel,1,Event Planning & Services,1,Ev55kUL77kZk6xCYam5www
157,Home Services,Flooring,1,Professional Services,1,Television Service Providers,1,EyaluppfmU_oI5pb2jF1TQ
159,Home Services,Carpet Cleaning,2,Local Services,2,Home Cleaning,1,nOr3_aq60yivqgcso_iDMw
162,Home Services,Mobile Phones,1,Electronics,1,Professional Services,1,W3W6ywndgEOM4mf_DgCb5g
163,Home Services,Shopping,3,Home & Garden,3,Shades & Blinds,1,cJ-ujlCWP0i1UZXSH7F3gg
164,Home Services,Building Supplies,7,Shopping,7,Home & Garden,6,rnfgjemszUlQx6U_-PO63w
168,Home Services,Shopping,2,Local Services,1,Packing Supplies,1,HXOfPXPMvdXNpQ_l0RRjKw
170,Home Services,Home Decor,1,Home & Garden,1,Food,1,yaBIVHDxaUBN2YHQ8-YiuQ
171,Home Services,Real Estate,1,Event Planning & Services,1,Hotels,1,m8nDqQ7a3zQWfkNK1_vwnQ
172,Home Services,Hotels,1,Apartments,1,Real Estate,1,tk47e3weem-fA6K9J-iH9Q
173,Home Services,Local Services,1,Venues & Event Spaces,1,Event Planning & Services,1,X0X3hiKv5CigUec1XYi_pg
175,Home Services,Shopping,6,Home & Garden,5,Home Decor,3,Ytjon2aVUm09CMdfGJxZYg
177,Home Services,Real Estate,1,Property Management,1,Real Estate Services,1,g42wi9bOD_WAZsro7VW6rA
180,Home Services,Home Decor,2,Home & Garden,2,Shopping,2,pFRE2mNCQvx9DUU542c6Dw
181,Home Services,Real Estate,6,Shopping,5,Electronics,3,Ry1O_KXZHGRI8g5zBR3IcQ
182,Home Services,Keys & Locksmiths,1,Security Systems,1,Professional Services,1,rv9d5TcnnxuOCX7ole_Clg
183,Home Services,Shopping,5,Home & Garden,3,Furniture Stores,2,SlgpAnj2gQd44EM_Uq6DkQ
184,Home Services,Mortgage Brokers,1,Financial Services,1,Banks & Credit Unions,1,fJ_qSZH_akvWzHUPMqab1g
185,Home Services,Home & Garden,3,Building Supplies,3,Shopping,3,qntQp9UoeP6ju8D_W0Y0cw
186,Home Services,Real Estate,2,Home Inspectors,1,Movers,1,s_Dg0gNZmh-Vc6yLQ34_lw
187,Home Services,Keys & Locksmiths,1,Shopping,1,Home & Garden,1,5oM7gXmeX7s6T1_KlL30yQ
188,Home Services,Home & Garden,5,Shopping,5,Contractors,2,JUT0U3HTSB3kz9Wh7N0GqA
189,Home Services,Shopping,5,Home & Garden,5,Local Services,4,aDYNz8cujkDdmbiOh95ANA
190,Home Services,Real Estate,2,Apartments,1,Movers,1,aDApcTFMWehnSXgbg49TPQ
192,Home Services,Landscaping,2,Shopping,1,Nurseries & Gardening,1,qjYXOBnladFYhciGBSgAMw
193,Home Services,Professional Services,5,Television Service Providers,3,Internet Service Providers,3,s4cki7AiOrOjb5r-ZpbJUw
195,Home Services,Shopping,3,Automotive,2,Home & Garden,2,vKUlUXLVylwdttu7h1_Y5Q
197,Home Services,Nurseries & Gardening,1,Gardeners,1,Home & Garden,1,qmjoMFMZdLH69_6eGTGDZw
198,Home Services,Shopping,2,Home & Garden,2,Furniture Stores,1,xN-xoLhTHUFfTS_BMGG0xg
200,Home Services,Contractors,2,Home & Garden,2,Shopping,2,2-iZ3lifB5gGWcpP6EgCCw
201,Home Services,Shopping,1,Interior Design,1,Home Decor,1,Ox0Nic-2-6pb7V4jyi9iFA
204,Home Services,Landscaping,2,Masonry/Concrete,2,Real Estate,1,h7Qb2VZwNstP84ntwfJJZQ
205,Home Services,Shoe Repair,1,Keys & Locksmiths,1,Local Services,1,htzxDWzRt4Xd7UGy4t0yAw
206,Home Services,Apartments,1,Real Estate,1,University Housing,1,weCeiXxZBhBY5mX9y6jS1A
210,Home Services,Water Heater Installation/Repair,1,Building Supplies,1,Water Purification Services,1,n4tD6axYRFajkX2ESvukMw
211,Home Services,Shopping,2,Home & Garden,2,Paint Stores,1,cyuDrrG5eEK-TZI867MUPA
213,Home Services,Real Estate,2,Apartments,2,Hotels,1,3L7nHnaeSHSdZXzV_vdvAQ
215,Home Services,Local Services,5,Professional Services,4,Real Estate,4,r-zUIQPaHzvIyL93wQaoiQ
216,Home Services,Real Estate,3,Building Supplies,2,Shoe Repair,1,EtBYV4tWrKH6jR0RCwV_JA
217,Home Services,Garage Door Services,4,Contractors,3,Automotive,3,hXQHu4Isp1wZYO6A-I0zQg
219,Home Services,Plumbing,2,Heating & Air Conditioning/HVAC,1,Building Supplies,1,QmethzRyAvZXS9m1UNJpdw
222,Home Services,Shopping,2,Hardware Stores,2,Building Supplies,2,NEPtb8p3nyQkkap0DZ0__g
228,Home Services,Local Services,3,Keys & Locksmiths,2,Home Decor,2,apwx9mVErPHhQgxFnlvcjA
231,Home Services,Furniture Reupholstery,1,Local Services,1,Furniture Repair,1,-0b84SUGVN0YkG5j2MCmBw
232,Home Services,Shopping,4,Internet Service Providers,3,Professional Services,3,PcvbBOCOcs6_suRDH7TSTg
233,Home Services,Landscaping,2,Home & Garden,2,Shopping,2,H3KluKXf1mp3etCToCJhqg
235,Home Services,Mattresses,1,Home Decor,1,Furniture Assembly,1,y-dpL5Iun_Drej8DFGfAgg
256,Home Services,Home Cleaning,1,Home Organization,1,Office Cleaning,1,bqeYFt5sRAeEUpIQ7U5PLA
258,Home Services,Home Cleaning,1,Home Organization,1,Office Cleaning,1,kUxCPwO6zlAwE5OWZZgqMg
282,Home Services,Home Cleaning,1,Home Organization,1,Office Cleaning,1,dtUyclptaTj39vqF6J2JmQ
284,Home Services,Home Cleaning,1,Home Organization,1,Office Cleaning,1,r18p34iac1nUt8hxf1tj1g
285,Home Services,Home Cleaning,1,Home Organization,1,Office Cleaning,1,kJc3qvxrisv6oM-C0Pt83w
290,Home Services,Hydro-jetting,1,Water Heater Installation/Repair,1,Local Services,1,o7g9FHCJ7Rfdwf3UdlB1Dg
292,Home Services,Home & Garden,2,Shopping,2,Movers,2,aSo8b495Tfjw_8Idg94Fqw
299,Home Services,Local Services,1,Television Service Providers,1,IT Services & Computer Repair,1,X4KvWGo05jwT8M4hb5uSSA
301,Home Services,Shopping,4,Local Services,3,Home & Garden,2,H74Dv2uhRcfYurTwLMTjNA
302,Home Services,Home Cleaning,1,Home Organization,1,Office Cleaning,1,tzSVX-0Tsb07dI9BHW-InQ
309,Home Services,Home Cleaning,1,Home Organization,1,Office Cleaning,1,lIazXaD8_x4TbBsqBWyCfw
310,Home Services,Towing,1,Keys & Locksmiths,1,Roadside Assistance,1,gZP_FtePocaNywKLKjjKwQ
311,Home Services,Professional Services,2,Electronics,2,Shopping,2,Hucf3msWDa-MzTcjFzbTnQ
323,Home Services,Towing,1,Keys & Locksmiths,1,Roadside Assistance,1,kTJG8q4tRKQCol1w7j0gog
324,Home Services,Towing,1,Keys & Locksmiths,1,Roadside Assistance,1,BQKjFPJpolS6yqulFX4Wog
334,Home Services,Home Cleaning,1,Home Organization,1,Office Cleaning,1,FJfnHNLvFHls8U4k_8Bj7g
4,Health & Medical,Nutritionists,1,Health Markets,1,Specialty Food,1,VHdY6oG2JPVNjihWhOooAQ
6,Health & Medical,Taxis,1,Airport Shuttles,1,Hotels & Travel,1,om5ZiponkpRqUNa3pVPiRg
10,Health & Medical,Hair Salons,1,Beauty & Spas,1,Gyms,1,ysCBsXWPB-LAiewVS3jZfQ
15,Health & Medical,Doctors,3,Shopping,2,Hospitals,1,5F_ASUSCHFf3YotkKioZ5w
20,Health & Medical,Tours,1,Venues & Event Spaces,1,Counseling & Mental Health,1,Xj0O2l0bp633ebmG468aZw
24,Health & Medical,Hair Salons,1,Beauty & Spas,1,Gyms,1,eKUGKQRE-Ywi5dY55_zChg
25,Health & Medical,Beauty & Spas,3,Massage Therapy,2,Optometrists,1,8DEyKVyplnOcSKx39vatbg
26,Health & Medical,Massage,6,Beauty & Spas,6,Day Spas,4,rt3PC7WCgCKsoufmQJELfw
30,Health & Medical,Hair Salons,1,Beauty & Spas,1,Gyms,1,53bZ_EsXH71L7iFs5MP9_w
31,Health & Medical,Shopping,2,Drugstores,2,Pharmacy,1,8h1r7mXd-H225yDgc4EMPg
33,Health & Medical,Doctors,16,Beauty & Spas,16,Massage Therapy,10,dIIKEfOgo0KqUfGQvGikPg
38,Health & Medical,Fashion,1,Grocery,1,Electronics,1,XCW5pJCDhvlW76XTSUEkIg
41,Health & Medical,Hair Salons,2,Beauty & Spas,2,Active Life,2,GpgBEengSGt1SDH67ATF8Q
44,Health & Medical,Shopping,1,Wedding Planning,1,Venues & Event Spaces,1,BlKCEQcc03mNdLA1pVG-XQ
45,Health & Medical,Hair Salons,1,Beauty & Spas,1,Gyms,1,8qtsJtmefjJZIFM6_Ksd7A
49,Health & Medical,Emergency Rooms,2,Hospitals,2,Medical Centers,2,fyS8H0BNDv5du_X7ttUEqQ
51,Health & Medical,Grocery,1,Food,1,Pharmacy,1,w-w-k-QXosIKQ8HQVwU6IQ
53,Health & Medical,Shopping,1,Photography Stores & Services,1,Pharmacy,1,XYSDrIef7g4Gmp3lNFVO6A
58,Health & Medical,Doctors,2,Cardiologists,1,Cosmetic Dentists,1,QuZbJquRtbY9O9JrB9NpxQ
59,Health & Medical,General Dentistry,3,Cosmetic Dentists,3,Dentists,3,rMsB82tk9uOB6JumPMgczg
63,Health & Medical,Hair Salons,1,Beauty & Spas,1,Gyms,1,ZYZNcugF3xUEGyLOVGiZ0Q
66,Health & Medical,Doctors,7,Beauty & Spas,4,Medical Centers,3,xceJT1G2Yhel3W2lRxRTDA
69,Health & Medical,Hair Salons,1,Beauty & Spas,1,Gyms,1,U9yWtQO_0LPjtaU9jN0JsA
70,Health & Medical,Doctors,2,Massage Therapy,1,Chiropractors,1,HZ9ep6UdCW0TmTTAfjzYxg
75,Health & Medical,Doctors,4,Dentists,3,Beauty & Spas,3,M9rRM6Eo5YbKLKMG5QiIPA
76,Health & Medical,Pharmacy,1,Drugstores,1,Pet Services,1,w8flMOM04LfF0175Stp3AA
81,Health & Medical,Dentists,1,Periodontists,1,Cosmetic Dentists,1,PcPminF0bIUsKjUh9e4DMQ
87,Health & Medical,Local Services,1,Education,1,Community Service/Non-Profit,1,3LC2sKfvz_nWuJquUDsNnw
88,Health & Medical,Tattoo,1,Beauty & Spas,1,Piercing,1,S05NY_oZqxAVlS2OLkHmNQ
93,Health & Medical,Hospitals,5,Doctors,5,Ophthalmologists,2,62GNFh5FySkA3MbrQmnqvg
98,Health & Medical,Drugstores,1,Shopping,1,Pharmacy,1,InDrrRvQ9f732YGPX4Ixmg
103,Health & Medical,Doctors,1,Obstetricians & Gynecologists,1,Fertility,1,Jtq_pKd7GVbXvFY8YU8kmw
105,Health & Medical,Food,1,Pharmacy,1,Delis,1,nnwBdqGHIAJQ5QX9lHOtrQ
106,Health & Medical,Fashion,1,Specialty Food,1,Discount Store,1,HUmClClluKP5Ur6X7e306Q
107,Health & Medical,Gyms,2,Local Services,2,Active Life,2,DXh8yxwZCg5Ckj5kmDvKXw
109,Health & Medical,Massage,1,Beauty & Spas,1,Massage Therapy,1,HEPfqAH6ObF36Fp1B9Fi1Q
117,Health & Medical,Diagnostic Services,2,Family Practice,2,Hospitals,2,hd-S4mtrPY9Q6iuBJegnOQ
118,Health & Medical,Day Spas,2,Massage,2,Beauty & Spas,2,2HchhLgGj16aITZGVy0hqA
122,Health & Medical,Doctors,5,Optometrists,3,Obstetricians & Gynecologists,2,hWDybu_KvYLSdEFzGrniTw
124,Health & Medical,Eyewear & Opticians,2,Optometrists,2,Shopping,2,nT3tLANzGy0a7DuB_GIQjA
133,Health & Medical,Dentists,2,Endodontists,1,Cosmetic Dentists,1,TLdMXf2gt9Am9LOLL_T2FQ
136,Health & Medical,Internal Medicine,1,Doctors,1,Surgeons,1,H_-K6erSJYtzg3ZEvOg3EQ
138,Health & Medical,Beauty & Spas,11,Massage Therapy,8,Massage,8,Reuq65EOFI938Yg8xgff9g
140,Health & Medical,Beauty & Spas,1,Medical Spas,1,Dentists,1,lxt4LomsbAjBvk5POhDTEw
143,Health & Medical,Doctors,2,Ophthalmologists,1,Optometrists,1,NfU0zDaTMEQ4-X9dbQWd9A
147,Health & Medical,Food,1,Pharmacy,1,Delis,1,C0RonzO64B4D3o6GtcMlxg
153,Health & Medical,Doctors,2,General Dentistry,2,Dentists,2,_uqIpl5tzucKuIlZZPBZRw
154,Health & Medical,Pharmacy,1,Fruits & Veggies,1,Drugstores,1,JUlMVyJQ6ijHCdMjs8bGhw
155,Health & Medical,Local Services,4,Active Life,4,Fitness & Instruction,4,qlC607Cyp0Mj91vDFvkp3Q
157,Health & Medical,Beauty & Spas,2,Dentists,2,General Dentistry,2,EyaluppfmU_oI5pb2jF1TQ
159,Health & Medical,Medical Centers,3,Doctors,3,Dentists,2,nOr3_aq60yivqgcso_iDMw
160,Health & Medical,Acupuncture,2,Beauty & Spas,2,Massage,2,3Uv0dGI2IXJb2OUj8R2GJA
161,Health & Medical,Doctors,2,Internal Medicine,1,Ophthalmologists,1,53QaFbmZojYK0vv3RQagcw
162,Health & Medical,Dentists,2,General Dentistry,1,Doctors,1,W3W6ywndgEOM4mf_DgCb5g
163,Health & Medical,Doctors,2,Dentists,1,General Dentistry,1,cJ-ujlCWP0i1UZXSH7F3gg
166,Health & Medical,Obstetricians & Gynecologists,1,Doctors,1,Internal Medicine,1,itmb9uAolzQnmEBDlV24qQ
168,Health & Medical,Food,1,Pharmacy,1,Delis,1,HXOfPXPMvdXNpQ_l0RRjKw
169,Health & Medical,Day Spas,1,Massage Therapy,1,Massage,1,LAsOaowycjpyCenm1IUi_g
170,Health & Medical,Shopping,2,Eyewear & Opticians,1,Optometrists,1,yaBIVHDxaUBN2YHQ8-YiuQ
173,Health & Medical,Doctors,4,Beauty & Spas,2,Massage Therapy,2,X0X3hiKv5CigUec1XYi_pg
174,Health & Medical,Hospitals,5,Doctors,5,Diagnostic Services,2,VbfaQcyRqSZ0rGvhgg-3Fw
175,Health & Medical,Fitness & Instruction,3,Active Life,3,Shopping,2,Ytjon2aVUm09CMdfGJxZYg
176,Health & Medical,Bakeries,2,Pharmacy,2,Food,2,AFCSE7BT3FGle35em1WWVw
178,Health & Medical,Restaurants,2,Music Venues,1,Arts & Entertainment,1,z_9oeZ5aN8g8AzPNENht8w
179,Health & Medical,Eyewear & Opticians,2,Shopping,2,Optometrists,2,2hii37dkKL4POcu6vh_6EA
180,Health & Medical,Drugstores,1,Bakeries,1,Pharmacy,1,pFRE2mNCQvx9DUU542c6Dw
181,Health & Medical,Active Life,3,Fitness & Instruction,3,Local Services,3,Ry1O_KXZHGRI8g5zBR3IcQ
182,Health & Medical,Shopping,1,Doctors,1,Eyewear & Opticians,1,rv9d5TcnnxuOCX7ole_Clg
183,Health & Medical,Doctors,7,Optometrists,3,Shopping,3,SlgpAnj2gQd44EM_Uq6DkQ
184,Health & Medical,Doctors,2,Dentists,2,General Dentistry,2,fJ_qSZH_akvWzHUPMqab1g
185,Health & Medical,Bakeries,2,Pharmacy,2,Food,2,qntQp9UoeP6ju8D_W0Y0cw
186,Health & Medical,Beauty & Spas,1,Massage,1,Tai Chi,1,s_Dg0gNZmh-Vc6yLQ34_lw
187,Health & Medical,Shopping,2,Optometrists,2,Eyewear & Opticians,2,5oM7gXmeX7s6T1_KlL30yQ
188,Health & Medical,Restaurants,1,Music Venues,1,Arts & Entertainment,1,JUT0U3HTSB3kz9Wh7N0GqA
189,Health & Medical,Doctors,8,Beauty & Spas,4,Skin Care,4,aDYNz8cujkDdmbiOh95ANA
190,Health & Medical,Doctors,4,Orthopedists,1,Urgent Care,1,aDApcTFMWehnSXgbg49TPQ
191,Health & Medical,Food,1,Bakeries,1,Pharmacy,1,iSqAA0keruU-ZZro7jW0zQ
192,Health & Medical,Nutritionists,2,Active Life,2,Fitness & Instruction,2,qjYXOBnladFYhciGBSgAMw
193,Health & Medical,Massage,4,Massage Therapy,4,Beauty & Spas,4,s4cki7AiOrOjb5r-ZpbJUw
194,Health & Medical,General Dentistry,2,Dentists,2,Cosmetic Dentists,1,WBCG29Wa-amEZPnoAGqYgg
195,Health & Medical,Doctors,6,Optometrists,4,Cosmetic Surgeons,3,vKUlUXLVylwdttu7h1_Y5Q
196,Health & Medical,Obstetricians & Gynecologists,1,Laboratory Testing,1,Fertility,1,NXmp8CW4RFKAU0oNWb--wA
197,Health & Medical,Shopping,2,Optometrists,1,Eyewear & Opticians,1,qmjoMFMZdLH69_6eGTGDZw
198,Health & Medical,Food,1,Pharmacy,1,Delis,1,xN-xoLhTHUFfTS_BMGG0xg
199,Health & Medical,Cosmetic Dentists,1,Dentists,1,Massage Therapy,1,f_evBImeOZavf8kSiabPtA
200,Health & Medical,Drugstores,1,Bakeries,1,Pharmacy,1,2-iZ3lifB5gGWcpP6EgCCw
201,Health & Medical,Doctors,2,Chiropractors,1,Sports Medicine,1,Ox0Nic-2-6pb7V4jyi9iFA
204,Health & Medical,Eyewear & Opticians,1,Optometrists,1,Shopping,1,h7Qb2VZwNstP84ntwfJJZQ
205,Health & Medical,Midwives,1,Laser Eye Surgery/Lasik,1,Optometrists,1,htzxDWzRt4Xd7UGy4t0yAw
210,Health & Medical,Dentists,1,Endodontists,1,Cosmetic Dentists,1,n4tD6axYRFajkX2ESvukMw
211,Health & Medical,Doctors,6,Medical Centers,3,Diagnostic Imaging,2,cyuDrrG5eEK-TZI867MUPA
213,Health & Medical,Food,2,Shopping,2,Health Markets,1,3L7nHnaeSHSdZXzV_vdvAQ
215,Health & Medical,Doctors,5,Shopping,5,Dentists,3,r-zUIQPaHzvIyL93wQaoiQ
216,Health & Medical,Doctors,3,Optometrists,2,Orthopedists,1,EtBYV4tWrKH6jR0RCwV_JA
217,Health & Medical,Massage,1,Skin Care,1,Massage Therapy,1,hXQHu4Isp1wZYO6A-I0zQg
219,Health & Medical,Beauty & Spas,1,Skin Care,1,Medical Spas,1,QmethzRyAvZXS9m1UNJpdw
222,Health & Medical,Cosmetic Dentists,1,General Dentistry,1,Pediatric Dentists,1,NEPtb8p3nyQkkap0DZ0__g
226,Health & Medical,Doctors,2,Skin Care,1,Dermatologists,1,j2Hd4aM8XYnYOyhS0ZCNww
227,Health & Medical,Massage,2,Beauty & Spas,2,Massage Therapy,1,rejdO1V12C2ZIyEv_Evysg
232,Health & Medical,Doctors,2,Eyewear & Opticians,1,Medical Centers,1,PcvbBOCOcs6_suRDH7TSTg
233,Health & Medical,Doctors,7,Family Practice,2,Medical Centers,2,H3KluKXf1mp3etCToCJhqg
234,Health & Medical,Hospitals,1,Urgent Care,1,Family Practice,1,M3ncFIlEfaSdSpoiMINwBA
235,Health & Medical,Nutritionists,1,Weight Loss Centers,1,Pediatric Dentists,1,y-dpL5Iun_Drej8DFGfAgg
245,Health & Medical,Massage,1,Life Coach,1,Yoga,1,nQx3nKOEqr0lqpL0RIMO6g
257,Health & Medical,Beauty & Spas,3,Medical Spas,3,Weight Loss Centers,2,3hjRqQPXejPJLlSVJdqoWA
277,Health & Medical,Day Spas,1,Medical Spas,1,Massage Therapy,1,s5mTRiTBOaAw-5YWf7Ui_g
283,Health & Medical,Massage,1,Life Coach,1,Yoga,1,TdiS_KhV5av_m3nujACn7A
288,Health & Medical,Day Spas,1,Medical Spas,1,Massage Therapy,1,3dXsFv6aAYnVPPuUkvCa8g
289,Health & Medical,Shopping,1,Cannabis Dispensaries,1,Cannabis Clinics,1,LBYfP1qhGVScjzDR_5x4XQ
290,Health & Medical,Massage,1,Chiropractors,1,Physical Therapy,1,o7g9FHCJ7Rfdwf3UdlB1Dg
292,Health & Medical,Beauty & Spas,4,Massage,4,Reflexology,3,aSo8b495Tfjw_8Idg94Fqw
294,Health & Medical,Day Spas,1,Medical Spas,1,Massage Therapy,1,dlRHsiihE-clURQMB_q8TA
295,Health & Medical,Shopping,2,Skin Care,2,Day Spas,2,szwtYEFdA9WXoXS2g9D3Gg
300,Health & Medical,Day Spas,1,Medical Spas,1,Massage Therapy,1,O0bOIlVWVcg9MKy83ojgkQ
301,Health & Medical,Hospitals,3,Doctors,3,Urgent Care,1,H74Dv2uhRcfYurTwLMTjNA
303,Health & Medical,Chiropractors,1,Dentists,1,Orthodontists,1,_MJOtVTGB8OFwOixJhHubQ
305,Health & Medical,Family Practice,1,Restaurants,1,Doctors,1,Fw7Bk2ZI4jLXVJ5SRKtzvg
315,Health & Medical,Massage Therapy,1,Massage,1,Life Coach,1,zYsQB7ErPFVPMWBtvjzPHA
316,Health & Medical,General Dentistry,1,Oral Surgeons,1,Dentists,1,OzO1caVsj98B4PYCLwiX7Q
322,Health & Medical,Cosmetic Dentists,1,Dentists,1,General Dentistry,1,oT4RjuVnyOgWmDkgpnL1QA
331,Health & Medical,Naturopathic/Holistic,1,Shopping,1,Cannabis Collective,1,20hdoa7IP_dVfEfNqrjOQA
1,Beauty & Spas,Convenience Stores,1,Food,1,Shopping,1,6s-g2vFu12OemhiK3FJuOQ
4,Beauty & Spas,Day Spas,2,Massage,1,Hair Salons,1,VHdY6oG2JPVNjihWhOooAQ
5,Beauty & Spas,Day Spas,2,American (New),1,Hotels,1,nkN_do3fJ9xekchVC-v68A
6,Beauty & Spas,Day Spas,4,Fitness & Instruction,2,Yoga,2,om5ZiponkpRqUNa3pVPiRg
7,Beauty & Spas,Day Spas,2,American (New),1,Hotels,1,gjhzKWsqCIrpEd9pevbKZw
9,Beauty & Spas,American (New),1,Day Spas,1,Hotels,1,G5LXEaxhQMF_BVjNHkVr7g
10,Beauty & Spas,Day Spas,3,Shopping,2,Cosmetics & Beauty Supply,2,ysCBsXWPB-LAiewVS3jZfQ
12,Beauty & Spas,Cosmetics & Beauty Supply,3,Shopping,3,Day Spas,2,nzsv-p1O8gCfP3XijfQrIw
13,Beauty & Spas,Hotels,2,Hotels & Travel,2,Day Spas,2,5MCBLBxr10NLUKZ4AboAMg
14,Beauty & Spas,American (New),1,Hotels & Travel,1,Event Planning & Services,1,m07sy7eLtOjVdZ8oN9JKag
16,Beauty & Spas,Hotels & Travel,1,Event Planning & Services,1,Casinos,1,ITa3vh5ERI90G_WP4SmGUQ
20,Beauty & Spas,Hotels & Travel,2,Event Planning & Services,2,Day Spas,2,Xj0O2l0bp633ebmG468aZw
21,Beauty & Spas,Hair Salons,1,Sports Clubs,1,Fitness & Instruction,1,UQFE3BT1rsIYrcDvu_XVow
23,Beauty & Spas,Hotels,1,Event Planning & Services,1,Day Spas,1,HYQoxBC1y1DGPq6pGP09Tw
24,Beauty & Spas,Day Spas,3,Massage,2,Hair Salons,1,eKUGKQRE-Ywi5dY55_zChg
25,Beauty & Spas,Day Spas,5,Massage,3,Skin Care,3,8DEyKVyplnOcSKx39vatbg
26,Beauty & Spas,Massage,16,Day Spas,10,Health & Medical,6,rt3PC7WCgCKsoufmQJELfw
29,Beauty & Spas,Convenience Stores,1,Food,1,Shopping,1,Pf7FI0OukC_CEcCz0ZxoUw
30,Beauty & Spas,Day Spas,13,Massage,7,Hair Salons,7,53bZ_EsXH71L7iFs5MP9_w
31,Beauty & Spas,Shopping,8,Cosmetics & Beauty Supply,8,Food,3,8h1r7mXd-H225yDgc4EMPg
33,Beauty & Spas,Day Spas,22,Hair Salons,19,Massage,17,dIIKEfOgo0KqUfGQvGikPg
34,Beauty & Spas,Jewelry,1,Cosmetics & Beauty Supply,1,Beer,1,2hMNc8G87MGYw4PomxT8AQ
35,Beauty & Spas,Cosmetics & Beauty Supply,1,Skin Care,1,Shopping,1,jX52sZoojxyYV2viWNyO7A
40,Beauty & Spas,Day Spas,2,Gyms,1,Active Life,1,lufa4bHQd3XLYQE1zXis0g
41,Beauty & Spas,Day Spas,9,Hotels,4,Event Planning & Services,4,GpgBEengSGt1SDH67ATF8Q
44,Beauty & Spas,Day Spas,2,Event Planning & Services,2,Hotels,2,BlKCEQcc03mNdLA1pVG-XQ
45,Beauty & Spas,Hair Salons,2,Nail Salons,1,Gyms,1,8qtsJtmefjJZIFM6_Ksd7A
46,Beauty & Spas,Hotels,1,Home Services,1,Hotels & Travel,1,igaoaFNkX7ieMuyUBg0u5w
49,Beauty & Spas,Education,1,Specialty Schools,1,Cosmetology Schools,1,fyS8H0BNDv5du_X7ttUEqQ
50,Beauty & Spas,Jewelry,2,Cosmetics & Beauty Supply,2,Beer,2,UsXqCXRZwSCSw0AT7y1uBg
51,Beauty & Spas,Food,2,Shopping,2,Cosmetics & Beauty Supply,2,w-w-k-QXosIKQ8HQVwU6IQ
53,Beauty & Spas,Cosmetics & Beauty Supply,3,Drugstores,3,Convenience Stores,3,XYSDrIef7g4Gmp3lNFVO6A
54,Beauty & Spas,Art Galleries,1,Arts & Entertainment,1,Shopping,1,XHuNSjrPA3Vyi7n4iVhZaQ
55,Beauty & Spas,Hotels,1,Hotels & Travel,1,Day Spas,1,ACUVZ4SiN0gni7dzVDm9EQ
56,Beauty & Spas,Day Spas,1,Nail Salons,1,Hair Salons,1,g2pjJLw2362ne09i2xjgoQ
57,Beauty & Spas,Hotels,2,Resorts,2,Hotels & Travel,2,IDl8QswIXwI6Fr6KW3TbRw
58,Beauty & Spas,Barbers,2,Hotels & Travel,2,Event Planning & Services,2,QuZbJquRtbY9O9JrB9NpxQ
59,Beauty & Spas,Nail Salons,9,Waxing,3,Hair Removal,3,rMsB82tk9uOB6JumPMgczg
61,Beauty & Spas,Cosmetics & Beauty Supply,2,Shopping,2,Jewelry,1,37HswRimgBEf7_US-c3CDA
63,Beauty & Spas,Day Spas,3,Hair Salons,2,Convenience Stores,1,ZYZNcugF3xUEGyLOVGiZ0Q
65,Beauty & Spas,Skin Care,1,Threading Services,1,Hair Removal,1,ET8n-r7glWYqZhuR6GcdNw
66,Beauty & Spas,Hair Salons,5,Health & Medical,4,Day Spas,2,xceJT1G2Yhel3W2lRxRTDA
69,Beauty & Spas,Hair Salons,1,Gyms,1,Active Life,1,U9yWtQO_0LPjtaU9jN0JsA
70,Beauty & Spas,Hair Removal,4,Nail Salons,4,Waxing,3,HZ9ep6UdCW0TmTTAfjzYxg
71,Beauty & Spas,Cosmetics & Beauty Supply,2,Convenience Stores,2,Food,2,NZba-Q-Fp10iF77CTQt24Q
73,Beauty & Spas,Cosmetics & Beauty Supply,3,Shopping,3,Hair Salons,2,ybJkYYEBvFGVb-or4i9_oA
74,Beauty & Spas,Hair Salons,1,Skin Care,1,Hair Removal,1,6PEIKIibsT3NkG1THRfJPg
75,Beauty & Spas,Nail Salons,13,Cosmetics & Beauty Supply,10,Shopping,10,M9rRM6Eo5YbKLKMG5QiIPA
81,Beauty & Spas,Event Planning & Services,3,Hair Salons,2,American (New),2,PcPminF0bIUsKjUh9e4DMQ
82,Beauty & Spas,Nail Salons,1,Hair Salons,1,Massage,1,6ivd2u_gj1f42Ep5WKue4Q
83,Beauty & Spas,Hotels,1,Resorts,1,Hotels & Travel,1,KVehpTNCERwMGAx-h9MR-A
85,Beauty & Spas,Day Spas,2,Hair Removal,1,Massage,1,JcnZGx0dNLgsmkBcZj8oWQ
86,Beauty & Spas,Event Planning & Services,1,Day Spas,1,Venues & Event Spaces,1,0Igx-a1wAstiBDerGxXk2A
88,Beauty & Spas,Tattoo,1,Piercing,1,Tattoo Removal,1,S05NY_oZqxAVlS2OLkHmNQ
89,Beauty & Spas,Resorts,1,Hotels,1,Day Spas,1,eigZw_Tn4TWJPSZ9UO9Auw
90,Beauty & Spas,Blow Dry/Out Services,1,Hair Salons,1,Hair Stylists,1,ya3mbvTaymecfrTc08SxhQ
92,Beauty & Spas,Hair Salons,5,Barbers,4,Cosmetics & Beauty Supply,4,c3_AdjAlMy4EJYQhuXADgA
93,Beauty & Spas,Hair Stylists,1,Hair Salons,1,Barbers,1,62GNFh5FySkA3MbrQmnqvg
96,Beauty & Spas,Hair Salons,1,Cosmetics & Beauty Supply,1,Beer,1,syvwUKQJ4OYfmL_ixVLMeQ
97,Beauty & Spas,Massage,1,Tanning,1,Active Life,1,xQLy_wpqrR3etSXt61OIIg
98,Beauty & Spas,Hair Salons,5,Barbers,3,Blow Dry/Out Services,2,InDrrRvQ9f732YGPX4Ixmg
107,Beauty & Spas,Day Spas,4,Hair Salons,3,Massage,2,DXh8yxwZCg5Ckj5kmDvKXw
108,Beauty & Spas,Hair Stylists,1,Hair Salons,1,Skin Care,1,sBkm5dZgoZXBNb5W6YQj7Q
109,Beauty & Spas,Massage,1,Massage Therapy,1,Skin Care,1,HEPfqAH6ObF36Fp1B9Fi1Q
114,Beauty & Spas,Cosmetics & Beauty Supply,1,Wigs,1,Drugstores,1,RlXfOTtpgTfcisRmukrGbw
115,Beauty & Spas,Hair Salons,2,Nail Salons,2,Hair Removal,1,2wzBYj-J0xQ2RWD46cDI5w
118,Beauty & Spas,Day Spas,5,Hotels,3,Hotels & Travel,3,2HchhLgGj16aITZGVy0hqA
119,Beauty & Spas,Gyms,1,Active Life,1,Fitness & Instruction,1,jj0t-2qLGl2g_odLBjxKOw
122,Beauty & Spas,Hair Salons,18,Shopping,12,Cosmetics & Beauty Supply,12,hWDybu_KvYLSdEFzGrniTw
123,Beauty & Spas,Barbers,2,Day Spas,1,Casinos,1,TYCkjEHPSJSnFb6m6GDluw
124,Beauty & Spas,Hair Salons,3,Skin Care,2,Barbers,2,nT3tLANzGy0a7DuB_GIQjA
126,Beauty & Spas,Shopping,1,Makeup Artists,1,Cosmetics & Beauty Supply,1,DCnqvmdvbu04hTAv7DX-Mw
136,Beauty & Spas,Hair Salons,3,Shopping,1,Food,1,H_-K6erSJYtzg3ZEvOg3EQ
138,Beauty & Spas,Day Spas,14,Skin Care,13,Massage,13,Reuq65EOFI938Yg8xgff9g
140,Beauty & Spas,Hair Salons,2,Shopping,1,Cosmetics & Beauty Supply,1,lxt4LomsbAjBvk5POhDTEw
141,Beauty & Spas,Hair Removal,2,Hair Salons,2,Barbers,1,q91tQNboB-0HWtM8cXRjdg
142,Beauty & Spas,Shopping,1,Perfume,1,Cosmetics & Beauty Supply,1,oedIFmYQViZ9F2F-dvDNMg
143,Beauty & Spas,Hair Salons,7,Shopping,6,Cosmetics & Beauty Supply,5,NfU0zDaTMEQ4-X9dbQWd9A
146,Beauty & Spas,Shopping,1,Perfume,1,Cosmetics & Beauty Supply,1,p5cl1onC4dMDcp3EF30EUA
149,Beauty & Spas,Day Spas,2,Hair Salons,2,Nail Salons,1,KnIDkn0LAhcAhykDfQQgUQ
153,Beauty & Spas,Barbers,2,Health & Medical,2,Massage Therapy,2,_uqIpl5tzucKuIlZZPBZRw
154,Beauty & Spas,Barbers,2,Hair Removal,1,Tanning,1,JUlMVyJQ6ijHCdMjs8bGhw
155,Beauty & Spas,Hair Salons,6,Day Spas,5,Nail Salons,5,qlC607Cyp0Mj91vDFvkp3Q
156,Beauty & Spas,Shopping,1,Food,1,Photography Stores & Services,1,Ev55kUL77kZk6xCYam5www
157,Beauty & Spas,Shopping,10,Cosmetics & Beauty Supply,9,Hair Removal,7,EyaluppfmU_oI5pb2jF1TQ
158,Beauty & Spas,Shopping,1,Cosmetics & Beauty Supply,1,Barbers,1,Eg1T--knapihoR2GV-Dj_w
159,Beauty & Spas,Food,1,Cosmetics & Beauty Supply,1,Drugstores,1,nOr3_aq60yivqgcso_iDMw
160,Beauty & Spas,Shopping,3,Cosmetics & Beauty Supply,3,Massage,3,3Uv0dGI2IXJb2OUj8R2GJA
162,Beauty & Spas,Barbers,4,Hair Salons,3,Hair Removal,2,W3W6ywndgEOM4mf_DgCb5g
163,Beauty & Spas,Hair Removal,2,Hair Salons,2,Nail Salons,2,cJ-ujlCWP0i1UZXSH7F3gg
164,Beauty & Spas,Cosmetics & Beauty Supply,2,Shopping,2,Drugstores,1,rnfgjemszUlQx6U_-PO63w
168,Beauty & Spas,Barbers,2,Hair Salons,2,American (New),1,HXOfPXPMvdXNpQ_l0RRjKw
169,Beauty & Spas,Day Spas,1,Massage Therapy,1,Health & Medical,1,LAsOaowycjpyCenm1IUi_g
170,Beauty & Spas,Hair Salons,2,Nail Salons,1,Day Spas,1,yaBIVHDxaUBN2YHQ8-YiuQ
173,Beauty & Spas,Barbers,3,Men's Hair Salons,2,Waxing,2,X0X3hiKv5CigUec1XYi_pg
174,Beauty & Spas,Health & Medical,2,Day Spas,2,Nail Salons,1,VbfaQcyRqSZ0rGvhgg-3Fw
175,Beauty & Spas,Nail Salons,7,Massage,5,Day Spas,5,Ytjon2aVUm09CMdfGJxZYg
180,Beauty & Spas,Hair Salons,2,Day Spas,1,Hair Removal,1,pFRE2mNCQvx9DUU542c6Dw
181,Beauty & Spas,Barbers,5,Hair Salons,4,Cosmetics & Beauty Supply,4,Ry1O_KXZHGRI8g5zBR3IcQ
183,Beauty & Spas,Convenience Stores,1,Food,1,Shopping,1,SlgpAnj2gQd44EM_Uq6DkQ
184,Beauty & Spas,Nail Salons,7,Hair Salons,6,Massage,4,fJ_qSZH_akvWzHUPMqab1g
185,Beauty & Spas,Shopping,2,Food,2,Photography Stores & Services,2,qntQp9UoeP6ju8D_W0Y0cw
186,Beauty & Spas,Health & Medical,1,Massage,1,Tai Chi,1,s_Dg0gNZmh-Vc6yLQ34_lw
187,Beauty & Spas,Hair Removal,1,Barbers,1,Hair Salons,1,5oM7gXmeX7s6T1_KlL30yQ
188,Beauty & Spas,Day Spas,3,Hair Salons,3,Shopping,3,JUT0U3HTSB3kz9Wh7N0GqA
189,Beauty & Spas,Nail Salons,17,Hair Salons,12,Skin Care,11,aDYNz8cujkDdmbiOh95ANA
190,Beauty & Spas,Massage,2,Day Spas,2,Skin Care,2,aDApcTFMWehnSXgbg49TPQ
191,Beauty & Spas,Drugstores,2,Food,2,Convenience Stores,2,iSqAA0keruU-ZZro7jW0zQ
193,Beauty & Spas,Massage,5,Health & Medical,4,Massage Therapy,3,s4cki7AiOrOjb5r-ZpbJUw
194,Beauty & Spas,Day Spas,8,Nail Salons,4,Massage,4,WBCG29Wa-amEZPnoAGqYgg
195,Beauty & Spas,Hair Salons,2,Health & Medical,2,Day Spas,2,vKUlUXLVylwdttu7h1_Y5Q
197,Beauty & Spas,Hair Salons,1,Nail Salons,1,Food,1,qmjoMFMZdLH69_6eGTGDZw
199,Beauty & Spas,Massage Therapy,1,Health & Medical,1,Massage,1,f_evBImeOZavf8kSiabPtA
201,Beauty & Spas,Hair Salons,1,Massage,1,Day Spas,1,Ox0Nic-2-6pb7V4jyi9iFA
203,Beauty & Spas,Hair Salons,1,Hair Stylists,1,Men's Hair Salons,1,D-wB7VhTwSwQo4A73lQuBA
205,Beauty & Spas,Makeup Artists,1,Hair Salons,1,Barbers,1,htzxDWzRt4Xd7UGy4t0yAw
206,Beauty & Spas,Arts & Entertainment,2,Resorts,1,Hotels,1,weCeiXxZBhBY5mX9y6jS1A
207,Beauty & Spas,Men's Hair Salons,3,Hair Salons,3,Barbers,3,B8WruADju0mx5FlkLfYYfw
210,Beauty & Spas,Skin Care,1,Day Spas,1,Massage,1,n4tD6axYRFajkX2ESvukMw
213,Beauty & Spas,Day Spas,3,Waxing,2,Hair Removal,2,3L7nHnaeSHSdZXzV_vdvAQ
215,Beauty & Spas,Nail Salons,8,Hair Salons,6,Day Spas,3,r-zUIQPaHzvIyL93wQaoiQ
216,Beauty & Spas,Hair Salons,3,Hair Stylists,1,Barbers,1,EtBYV4tWrKH6jR0RCwV_JA
217,Beauty & Spas,Massage,2,Skin Care,2,Day Spas,2,hXQHu4Isp1wZYO6A-I0zQg
218,Beauty & Spas,Hotels,1,Event Planning & Services,1,Day Spas,1,mwAGcfk2YfpWnL2uCQfCEw
219,Beauty & Spas,Nail Salons,7,Hair Removal,7,Waxing,5,QmethzRyAvZXS9m1UNJpdw
222,Beauty & Spas,Cosmetics & Beauty Supply,1,Convenience Stores,1,Food,1,NEPtb8p3nyQkkap0DZ0__g
226,Beauty & Spas,Shopping,1,Cosmetics & Beauty Supply,1,Hair Salons,1,j2Hd4aM8XYnYOyhS0ZCNww
227,Beauty & Spas,Health & Medical,2,Massage,2,Massage Therapy,1,rejdO1V12C2ZIyEv_Evysg
228,Beauty & Spas,Waxing,1,Nail Salons,1,Hair Salons,1,apwx9mVErPHhQgxFnlvcjA
230,Beauty & Spas,Hair Salons,1,Cosmetics & Beauty Supply,1,Shopping,1,6ynpX_OjeMBwBCu11p2r9w
232,Beauty & Spas,Shopping,8,Cosmetics & Beauty Supply,8,Barbers,6,PcvbBOCOcs6_suRDH7TSTg
233,Beauty & Spas,Cosmetics & Beauty Supply,1,Shopping,1,Photography Stores & Services,1,H3KluKXf1mp3etCToCJhqg
234,Beauty & Spas,Piercing,1,Shopping,1,Jewelry,1,M3ncFIlEfaSdSpoiMINwBA
235,Beauty & Spas,Skin Care,1,Waxing,1,Hair Removal,1,y-dpL5Iun_Drej8DFGfAgg
245,Beauty & Spas,Massage,1,Health & Medical,1,Life Coach,1,nQx3nKOEqr0lqpL0RIMO6g
257,Beauty & Spas,Medical Spas,3,Health & Medical,3,Weight Loss Centers,2,3hjRqQPXejPJLlSVJdqoWA
266,Beauty & Spas,Hair Removal,2,Event Planning & Services,1,Eyebrow Services,1,nJNkRqYOWSohCyd_CrVkbQ
275,Beauty & Spas,Hotels,1,Hotels & Travel,1,Event Planning & Services,1,UA_PSxcBCxWIycTPcOxzTA
277,Beauty & Spas,Day Spas,1,Medical Spas,1,Health & Medical,1,s5mTRiTBOaAw-5YWf7Ui_g
278,Beauty & Spas,Waxing,1,Nail Salons,1,Hair Removal,1,IZljh8rioPTUCrb_Sl29vw
280,Beauty & Spas,Tanning,2,Eyebrow Services,1,Eyelash Service,1,3_x4UQmvfU-rfw716nv-hQ
283,Beauty & Spas,Massage,1,Health & Medical,1,Life Coach,1,TdiS_KhV5av_m3nujACn7A
286,Beauty & Spas,Nail Salons,1,Hair Salons,1,Skin Care,1,knySv4Xsnx5ifUQxk8aRqQ
288,Beauty & Spas,Day Spas,1,Medical Spas,1,Health & Medical,1,3dXsFv6aAYnVPPuUkvCa8g
289,Beauty & Spas,Hair Removal,1,Event Planning & Services,1,Eyebrow Services,1,LBYfP1qhGVScjzDR_5x4XQ
290,Beauty & Spas,Massage,1,Health & Medical,1,Chiropractors,1,o7g9FHCJ7Rfdwf3UdlB1Dg
292,Beauty & Spas,Massage,5,Health & Medical,4,Nail Salons,4,aSo8b495Tfjw_8Idg94Fqw
294,Beauty & Spas,Day Spas,1,Medical Spas,1,Health & Medical,1,dlRHsiihE-clURQMB_q8TA
295,Beauty & Spas,Nail Salons,7,Hair Removal,5,Skin Care,4,szwtYEFdA9WXoXS2g9D3Gg
300,Beauty & Spas,Day Spas,1,Medical Spas,1,Health & Medical,1,O0bOIlVWVcg9MKy83ojgkQ
301,Beauty & Spas,Shopping,2,Cosmetics & Beauty Supply,2,Hair Salons,2,H74Dv2uhRcfYurTwLMTjNA
303,Beauty & Spas,Nail Salons,1,Hair Removal,1,Waxing,1,_MJOtVTGB8OFwOixJhHubQ
305,Beauty & Spas,Hair Removal,1,Event Planning & Services,1,Eyebrow Services,1,Fw7Bk2ZI4jLXVJ5SRKtzvg
306,Beauty & Spas,Hair Removal,1,Event Planning & Services,1,Eyebrow Services,1,N_R_Ur1JtkSMihO29DH4TA
311,Beauty & Spas,Men's Clothing,1,Fashion,1,Shopping,1,Hucf3msWDa-MzTcjFzbTnQ
314,Beauty & Spas,Skin Care,2,Eyelash Service,2,Waxing,2,ByJOtvEMBk4WM3LxwV0L3w
315,Beauty & Spas,Tattoo,1,Piercing,1,Arts & Entertainment,1,zYsQB7ErPFVPMWBtvjzPHA
316,Beauty & Spas,Nail Salons,3,Hair Removal,3,Event Planning & Services,1,OzO1caVsj98B4PYCLwiX7Q
322,Beauty & Spas,Hair Salons,2,Hair Stylists,2,Hair Extensions,1,oT4RjuVnyOgWmDkgpnL1QA
326,Beauty & Spas,Hair Removal,1,Event Planning & Services,1,Eyebrow Services,1,V3Dt4BX_hhxGodgjgKrRAQ
331,Beauty & Spas,Hair Removal,1,Event Planning & Services,1,Eyebrow Services,1,20hdoa7IP_dVfEfNqrjOQA
332,Beauty & Spas,Hair Salons,3,Men's Hair Salons,3,Barbers,3,UWAJns5wCqNmM5mtWtDcNg
333,Beauty & Spas,Hair Removal,1,Event Planning & Services,1,Eyebrow Services,1,aNJj9893BPyBd_Mtmc0Uhw
336,Beauty & Spas,Shopping,1,Art Galleries,1,Arts & Entertainment,1,yUlgeMrRoxVdBii55YQ7ig
338,Beauty & Spas,Hair Removal,1,Event Planning & Services,1,Eyebrow Services,1,PItkcuoLf2o-fUYglh_cJw
